tag,seed,algo,episode,is_final,steps_to_mastery,total_reward,done_reason,running_mean_steps,running_mean_reward
a,0,Random,0,0,24,58.4,mastery,24.0,58.4
a,0,Random,1,0,18,64.3,mastery,21.0,61.35
a,0,Random,2,0,23,131.55,mastery,21.667,84.75
a,0,Random,3,0,10,69.5,mastery,18.75,80.937
a,0,Random,4,0,13,114.05,mastery,17.6,87.56
a,0,Random,5,0,18,64.3,mastery,17.667,83.683
a,0,Random,6,0,8,64.8,mastery,16.286,80.986
a,0,Random,7,0,13,71.05,mastery,15.875,79.744
a,0,Random,8,0,12,63.2,mastery,15.444,77.906
a,0,Random,9,0,5,49.25,mastery,14.4,75.04
a,0,Random,10,0,19,60.15,mastery,14.818,73.686
a,0,Random,11,0,23,78.55,mastery,15.5,74.092
a,0,Random,12,0,11,87.35,mastery,15.154,75.112
a,0,Random,13,0,12,87.2,mastery,14.929,75.975
a,0,Random,14,0,6,50.1,mastery,14.333,74.25
a,0,Random,15,0,26,77.1,mastery,15.062,74.428
a,0,Random,16,0,25,33.25,mastery,15.647,72.006
a,0,Random,17,0,16,163.6,mastery,15.667,77.094
a,0,Random,18,0,4,66.4,mastery,15.053,76.532
a,0,Random,19,0,7,78.95,mastery,14.65,76.653
a,0,Random,20,0,12,46.2,mastery,14.524,75.202
a,0,Random,21,0,7,90.95,mastery,14.182,75.918
a,0,Random,22,0,12,104.2,mastery,14.087,77.148
a,0,Random,23,0,8,66.8,mastery,13.833,76.717
a,0,Random,24,0,23,202.55,mastery,14.2,81.75
a,0,Random,25,0,35,144.75,timeout,15.0,84.173
a,0,Random,26,0,6,57.1,mastery,14.667,83.17
a,0,Random,27,0,13,68.05,mastery,14.607,82.63
a,0,Random,28,0,23,88.55,mastery,14.897,82.834
a,0,Random,29,0,12,70.2,mastery,14.8,82.413
a,0,Random,30,0,5,49.25,mastery,14.484,81.344
a,0,Random,31,0,35,127.75,timeout,15.125,82.794
a,0,Random,32,0,16,93.6,mastery,15.152,83.121
a,0,Random,33,0,13,133.05,mastery,15.088,84.59
a,0,Random,34,0,7,78.95,mastery,14.857,84.429
a,0,Random,35,0,7,73.95,mastery,14.639,84.137
a,0,Random,36,0,7,54.95,mastery,14.432,83.349
a,0,Random,37,0,35,170.75,timeout,14.974,85.649
a,0,Random,38,0,34,87.9,mastery,15.462,85.706
a,0,Random,39,0,7,61.95,mastery,15.25,85.112
a,0,Random,40,0,12,56.2,mastery,15.171,84.407
a,0,Random,41,0,7,71.95,mastery,14.976,84.111
a,0,Random,42,0,12,99.2,mastery,14.907,84.462
a,0,Random,43,0,17,132.45,mastery,14.955,85.552
a,0,Random,44,0,12,49.2,mastery,14.889,84.744
a,0,Random,45,0,7,68.95,mastery,14.717,84.401
a,0,Random,46,0,7,66.95,mastery,14.553,84.03
a,0,Random,47,0,17,131.45,mastery,14.604,85.018
a,0,Random,48,0,35,6.75,timeout,15.02,83.42
a,0,Random,49,1,35,98.75,timeout,15.42,83.727
a,0,SARSA,0,0,18,45.3,mastery,18.0,45.3
a,0,SARSA,1,0,7,39.95,mastery,12.5,42.625
a,0,SARSA,2,0,5,59.25,mastery,10.0,48.167
a,0,SARSA,3,0,17,134.45,mastery,11.75,69.737
a,0,SARSA,4,0,35,9.75,timeout,16.4,57.74
a,0,SARSA,5,0,7,54.95,mastery,14.833,57.275
a,0,SARSA,6,0,10,67.5,mastery,14.143,58.736
a,0,SARSA,7,0,22,78.7,mastery,15.125,61.231
a,0,SARSA,8,0,6,57.1,mastery,14.111,60.772
a,0,SARSA,9,0,6,62.1,mastery,13.3,60.905
a,0,SARSA,10,0,10,83.5,mastery,13.0,62.959
a,0,SARSA,11,0,5,59.25,mastery,12.333,62.65
a,0,SARSA,12,0,19,86.15,mastery,12.846,64.458
a,0,SARSA,13,0,6,61.1,mastery,12.357,64.218
a,0,SARSA,14,0,14,66.9,mastery,12.467,64.397
a,0,SARSA,15,0,5,59.25,mastery,12.0,64.075
a,0,SARSA,16,0,7,54.95,mastery,11.706,63.538
a,0,SARSA,17,0,18,48.3,mastery,12.056,62.692
a,0,SARSA,18,0,19,34.15,mastery,12.421,61.189
a,0,SARSA,19,0,8,66.8,mastery,12.2,61.47
a,0,SARSA,20,0,8,52.8,mastery,12.0,61.057
a,0,SARSA,21,0,12,61.2,mastery,12.0,61.064
a,0,SARSA,22,0,35,38.75,timeout,13.0,60.093
a,0,SARSA,23,0,25,76.25,mastery,13.5,60.767
a,0,SARSA,24,0,9,50.65,mastery,13.32,60.362
a,0,SARSA,25,0,5,59.25,mastery,13.0,60.319
a,0,SARSA,26,0,11,46.35,mastery,12.926,59.802
a,0,SARSA,27,0,6,64.1,mastery,12.679,59.955
a,0,SARSA,28,0,5,61.25,mastery,12.414,60.0
a,0,SARSA,29,0,9,57.65,mastery,12.3,59.922
a,0,SARSA,30,0,27,100.95,mastery,12.774,61.245
a,0,SARSA,31,0,12,58.2,mastery,12.75,61.15
a,0,SARSA,32,0,5,59.25,mastery,12.515,61.092
a,0,SARSA,33,0,6,64.1,mastery,12.324,61.181
a,0,SARSA,34,0,8,59.8,mastery,12.2,61.141
a,0,SARSA,35,0,5,59.25,mastery,12.0,61.089
a,0,SARSA,36,0,4,61.4,mastery,11.784,61.097
a,0,SARSA,37,0,12,54.2,mastery,11.789,60.916
a,0,SARSA,38,0,10,58.5,mastery,11.744,60.854
a,0,SARSA,39,0,5,59.25,mastery,11.575,60.814
a,0,SARSA,40,0,28,135.8,mastery,11.976,62.643
a,0,SARSA,41,0,10,58.5,mastery,11.929,62.544
a,0,SARSA,42,0,6,57.1,mastery,11.791,62.417
a,0,SARSA,43,0,10,55.5,mastery,11.75,62.26
a,0,SARSA,44,0,12,54.2,mastery,11.756,62.081
a,0,SARSA,45,0,4,61.4,mastery,11.587,62.066
a,0,SARSA,46,0,5,59.25,mastery,11.447,62.006
a,0,SARSA,47,0,23,155.55,mastery,11.688,63.955
a,0,SARSA,48,0,9,57.65,mastery,11.633,63.827
a,0,SARSA,49,1,9,62.65,mastery,11.58,63.803
a,1,Random,0,0,13,141.05,mastery,13.0,141.05
a,1,Random,1,0,7,40.95,mastery,10.0,91.0
a,1,Random,2,0,35,-33.25,timeout,18.333,49.583
a,1,Random,3,0,17,64.45,mastery,18.0,53.3
a,1,Random,4,0,21,101.85,mastery,18.6,63.01
a,1,Random,5,0,7,58.95,mastery,16.667,62.333
a,1,Random,6,0,20,49.0,mastery,17.143,60.429
a,1,Random,7,0,24,165.4,mastery,18.0,73.55
a,1,Random,8,0,22,161.7,mastery,18.444,83.344
a,1,Random,9,0,9,55.65,mastery,17.5,80.575
a,1,Random,10,0,11,77.35,mastery,16.909,80.282
a,1,Random,11,0,8,42.8,mastery,16.167,77.158
a,1,Random,12,0,7,54.95,mastery,15.462,75.45
a,1,Random,13,0,26,84.1,mastery,16.214,76.068
a,1,Random,14,0,6,69.1,mastery,15.533,75.603
a,1,Random,15,0,15,56.75,mastery,15.5,74.425
a,1,Random,16,0,15,117.75,mastery,15.471,76.974
a,1,Random,17,0,31,221.35,mastery,16.333,84.994
a,1,Random,18,0,35,70.75,timeout,17.316,84.245
a,1,Random,19,0,23,216.55,mastery,17.6,90.86
a,1,Random,20,0,16,90.6,mastery,17.524,90.848
a,1,Random,21,0,9,57.65,mastery,17.136,89.339
a,1,Random,22,0,35,-19.25,timeout,17.913,84.617
a,1,Random,23,0,20,72.0,mastery,18.0,84.092
a,1,Random,24,0,5,66.25,mastery,17.48,83.378
a,1,Random,25,0,15,75.75,mastery,17.385,83.085
a,1,Random,26,0,17,113.45,mastery,17.37,84.209
a,1,Random,27,0,15,165.75,mastery,17.286,87.121
a,1,Random,28,0,11,126.35,mastery,17.069,88.474
a,1,Random,29,0,10,79.5,mastery,16.833,88.175
a,1,Random,30,0,5,52.25,mastery,16.452,87.016
a,1,Random,31,0,7,44.95,mastery,16.156,85.702
a,1,Random,32,0,22,39.7,mastery,16.333,84.308
a,1,Random,33,0,6,62.1,mastery,16.029,83.654
a,1,Random,34,0,9,98.65,mastery,15.829,84.083
a,1,Random,35,0,6,52.1,mastery,15.556,83.194
a,1,Random,36,0,11,53.35,mastery,15.432,82.388
a,1,Random,37,0,4,51.4,mastery,15.132,81.572
a,1,Random,38,0,27,120.95,mastery,15.436,82.582
a,1,Random,39,0,2,45.7,mastery,15.1,81.66
a,1,Random,40,0,35,73.75,timeout,15.585,81.467
a,1,Random,41,0,31,194.35,mastery,15.952,84.155
a,1,Random,42,0,15,115.75,mastery,15.93,84.89
a,1,Random,43,0,11,53.35,mastery,15.818,84.173
a,1,Random,44,0,15,84.75,mastery,15.8,84.186
a,1,Random,45,0,8,52.8,mastery,15.63,83.503
a,1,Random,46,0,13,95.05,mastery,15.574,83.749
a,1,Random,47,0,5,66.25,mastery,15.354,83.384
a,1,Random,48,0,29,88.65,mastery,15.633,83.492
a,1,Random,49,1,23,121.55,mastery,15.78,84.253
a,1,SARSA,0,0,4,61.4,mastery,4.0,61.4
a,1,SARSA,1,0,8,52.8,mastery,6.0,57.1
a,1,SARSA,2,0,8,52.8,mastery,6.667,55.667
a,1,SARSA,3,0,4,61.4,mastery,6.0,57.1
a,1,SARSA,4,0,5,59.25,mastery,5.8,57.53
a,1,SARSA,5,0,14,53.9,mastery,7.167,56.925
a,1,SARSA,6,0,35,183.75,timeout,11.143,75.043
a,1,SARSA,7,0,8,59.8,mastery,10.75,73.137
a,1,SARSA,8,0,9,60.65,mastery,10.556,71.75
a,1,SARSA,9,0,6,57.1,mastery,10.1,70.285
a,1,SARSA,10,0,11,46.35,mastery,10.182,68.109
a,1,SARSA,11,0,6,69.1,mastery,9.833,68.192
a,1,SARSA,12,0,6,71.1,mastery,9.538,68.415
a,1,SARSA,13,0,6,57.1,mastery,9.286,67.607
a,1,SARSA,14,0,35,17.75,timeout,11.0,64.283
a,1,SARSA,15,0,12,54.2,mastery,11.062,63.653
a,1,SARSA,16,0,4,61.4,mastery,10.647,63.521
a,1,SARSA,17,0,10,72.5,mastery,10.611,64.019
a,1,SARSA,18,0,6,61.1,mastery,10.368,63.866
a,1,SARSA,19,0,8,52.8,mastery,10.25,63.312
a,1,SARSA,20,0,7,54.95,mastery,10.095,62.914
a,1,SARSA,21,0,9,62.65,mastery,10.045,62.902
a,1,SARSA,22,0,6,57.1,mastery,9.87,62.65
a,1,SARSA,23,0,7,54.95,mastery,9.75,62.329
a,1,SARSA,24,0,7,54.95,mastery,9.64,62.034
a,1,SARSA,25,0,13,56.05,mastery,9.769,61.804
a,1,SARSA,26,0,7,61.95,mastery,9.667,61.809
a,1,SARSA,27,0,9,64.65,mastery,9.643,61.911
a,1,SARSA,28,0,7,54.95,mastery,9.552,61.671
a,1,SARSA,29,0,7,54.95,mastery,9.467,61.447
a,1,SARSA,30,0,16,45.6,mastery,9.677,60.935
a,1,SARSA,31,0,5,59.25,mastery,9.531,60.883
a,1,SARSA,32,0,5,59.25,mastery,9.394,60.833
a,1,SARSA,33,0,10,48.5,mastery,9.412,60.471
a,1,SARSA,34,0,4,61.4,mastery,9.257,60.497
a,1,SARSA,35,0,17,53.45,mastery,9.472,60.301
a,1,SARSA,36,0,17,115.45,mastery,9.676,61.792
a,1,SARSA,37,0,6,59.1,mastery,9.579,61.721
a,1,SARSA,38,0,7,54.95,mastery,9.513,61.547
a,1,SARSA,39,0,20,131.0,mastery,9.775,63.284
a,1,SARSA,40,0,17,50.45,mastery,9.951,62.971
a,1,SARSA,41,0,7,54.95,mastery,9.881,62.78
a,1,SARSA,42,0,4,61.4,mastery,9.744,62.748
a,1,SARSA,43,0,6,64.1,mastery,9.659,62.778
a,1,SARSA,44,0,6,57.1,mastery,9.578,62.652
a,1,SARSA,45,0,16,66.6,mastery,9.717,62.738
a,1,SARSA,46,0,11,46.35,mastery,9.745,62.389
a,1,SARSA,47,0,5,59.25,mastery,9.646,62.324
a,1,SARSA,48,0,5,59.25,mastery,9.551,62.261
a,1,SARSA,49,1,4,61.4,mastery,9.44,62.244
a,2,Random,0,0,17,61.45,mastery,17.0,61.45
a,2,Random,1,0,11,46.35,mastery,14.0,53.9
a,2,Random,2,0,23,73.55,mastery,17.0,60.45
a,2,Random,3,0,35,106.75,timeout,21.5,72.025
a,2,Random,4,0,14,53.9,mastery,20.0,68.4
a,2,Random,5,0,23,106.55,mastery,20.5,74.758
a,2,Random,6,0,24,93.4,mastery,21.0,77.421
a,2,Random,7,0,21,106.85,mastery,21.0,81.1
a,2,Random,8,0,8,56.8,mastery,19.556,78.4
a,2,Random,9,0,17,117.45,mastery,19.3,82.305
a,2,Random,10,0,11,53.35,mastery,18.545,79.673
a,2,Random,11,0,11,99.35,mastery,17.917,81.312
a,2,Random,12,0,8,71.8,mastery,17.154,80.581
a,2,Random,13,0,30,25.5,mastery,18.071,76.646
a,2,Random,14,0,7,78.95,mastery,17.333,76.8
a,2,Random,15,0,13,62.05,mastery,17.062,75.878
a,2,Random,16,0,12,51.2,mastery,16.765,74.426
a,2,Random,17,0,3,46.55,mastery,16.0,72.878
a,2,Random,18,0,13,63.05,mastery,15.842,72.361
a,2,Random,19,0,26,74.1,mastery,16.35,72.447
a,2,Random,20,0,18,43.3,mastery,16.429,71.06
a,2,Random,21,0,24,185.4,mastery,16.773,76.257
a,2,Random,22,0,17,80.45,mastery,16.783,76.439
a,2,Random,23,0,9,62.65,mastery,16.458,75.865
a,2,Random,24,0,35,-14.25,timeout,17.2,72.26
a,2,Random,25,0,21,47.85,mastery,17.346,71.321
a,2,Random,26,0,19,58.15,mastery,17.407,70.833
a,2,Random,27,0,30,194.5,mastery,17.857,75.25
a,2,Random,28,0,4,61.4,mastery,17.379,74.772
a,2,Random,29,0,7,61.95,mastery,17.033,74.345
a,2,Random,30,0,29,67.65,mastery,17.419,74.129
a,2,Random,31,0,9,45.65,mastery,17.156,73.239
a,2,Random,32,0,15,134.75,mastery,17.091,75.103
a,2,Random,33,0,21,37.85,mastery,17.206,74.007
a,2,Random,34,0,33,37.05,mastery,17.657,72.951
a,2,Random,35,0,4,56.4,mastery,17.278,72.492
a,2,Random,36,0,16,59.6,mastery,17.243,72.143
a,2,Random,37,0,35,63.75,mastery,17.711,71.922
a,2,Random,38,0,28,217.8,mastery,17.974,75.663
a,2,Random,39,0,6,62.1,mastery,17.675,75.324
a,2,Random,40,0,15,97.75,mastery,17.61,75.871
a,2,Random,41,0,35,36.75,timeout,18.024,74.939
a,2,Random,42,0,14,46.9,mastery,17.93,74.287
a,2,Random,43,0,15,157.75,mastery,17.864,76.184
a,2,Random,44,0,22,46.7,mastery,17.956,75.529
a,2,Random,45,0,6,50.1,mastery,17.696,74.976
a,2,Random,46,0,7,92.95,mastery,17.468,75.359
a,2,Random,47,0,16,85.6,mastery,17.438,75.572
a,2,Random,48,0,13,85.05,mastery,17.347,75.765
a,2,Random,49,1,11,63.35,mastery,17.22,75.517
a,2,SARSA,0,0,6,57.1,mastery,6.0,57.1
a,2,SARSA,1,0,6,57.1,mastery,6.0,57.1
a,2,SARSA,2,0,8,52.8,mastery,6.667,55.667
a,2,SARSA,3,0,5,59.25,mastery,6.25,56.562
a,2,SARSA,4,0,5,59.25,mastery,6.0,57.1
a,2,SARSA,5,0,6,57.1,mastery,6.0,57.1
a,2,SARSA,6,0,4,61.4,mastery,5.714,57.714
a,2,SARSA,7,0,12,54.2,mastery,6.5,57.275
a,2,SARSA,8,0,6,57.1,mastery,6.444,57.256
a,2,SARSA,9,0,8,52.8,mastery,6.6,56.81
a,2,SARSA,10,0,5,59.25,mastery,6.455,57.032
a,2,SARSA,11,0,6,57.1,mastery,6.417,57.037
a,2,SARSA,12,0,5,59.25,mastery,6.308,57.208
a,2,SARSA,13,0,9,50.65,mastery,6.5,56.739
a,2,SARSA,14,0,4,61.4,mastery,6.333,57.05
a,2,SARSA,15,0,7,54.95,mastery,6.375,56.919
a,2,SARSA,16,0,6,57.1,mastery,6.353,56.929
a,2,SARSA,17,0,6,57.1,mastery,6.333,56.939
a,2,SARSA,18,0,21,43.85,mastery,7.105,56.25
a,2,SARSA,19,0,4,61.4,mastery,6.95,56.507
a,2,SARSA,20,0,4,61.4,mastery,6.81,56.74
a,2,SARSA,21,0,8,64.8,mastery,6.864,57.107
a,2,SARSA,22,0,7,68.95,mastery,6.87,57.622
a,2,SARSA,23,0,9,60.65,mastery,6.958,57.748
a,2,SARSA,24,0,8,54.8,mastery,7.0,57.63
a,2,SARSA,25,0,5,59.25,mastery,6.923,57.692
a,2,SARSA,26,0,6,57.1,mastery,6.889,57.67
a,2,SARSA,27,0,12,44.2,mastery,7.071,57.189
a,2,SARSA,28,0,6,57.1,mastery,7.034,57.186
a,2,SARSA,29,0,22,138.7,mastery,7.533,59.903
a,2,SARSA,30,0,35,130.75,timeout,8.419,62.189
a,2,SARSA,31,0,35,151.75,timeout,9.25,64.987
a,2,SARSA,32,0,35,165.75,timeout,10.03,68.041
a,2,SARSA,33,0,35,165.75,timeout,10.765,70.915
a,2,SARSA,34,0,35,165.75,timeout,11.457,73.624
a,2,SARSA,35,0,35,165.75,timeout,12.111,76.183
a,2,SARSA,36,0,35,165.75,timeout,12.73,78.604
a,2,SARSA,37,0,35,160.75,timeout,13.316,80.766
a,2,SARSA,38,0,35,158.75,timeout,13.872,82.765
a,2,SARSA,39,0,35,137.75,timeout,14.4,84.14
a,2,SARSA,40,0,6,57.1,mastery,14.195,83.48
a,2,SARSA,41,0,21,38.85,mastery,14.357,82.418
a,2,SARSA,42,0,35,29.75,timeout,14.837,81.193
a,2,SARSA,43,0,35,151.75,timeout,15.295,82.797
a,2,SARSA,44,0,27,172.95,mastery,15.556,84.8
a,2,SARSA,45,0,35,144.75,timeout,15.978,86.103
a,2,SARSA,46,0,9,60.65,mastery,15.83,85.562
a,2,SARSA,47,0,11,53.35,mastery,15.729,84.891
a,2,SARSA,48,0,4,61.4,mastery,15.49,84.411
a,2,SARSA,49,1,31,80.35,mastery,15.8,84.33
a,3,Random,0,0,35,30.75,timeout,35.0,30.75
a,3,Random,1,0,15,146.75,mastery,25.0,88.75
a,3,Random,2,0,9,79.65,mastery,19.667,85.717
a,3,Random,3,0,12,87.2,mastery,17.75,86.088
a,3,Random,4,0,15,114.75,mastery,17.2,91.82
a,3,Random,5,0,7,66.95,mastery,15.5,87.675
a,3,Random,6,0,4,61.4,mastery,13.857,83.921
a,3,Random,7,0,7,78.95,mastery,13.0,83.3
a,3,Random,8,0,11,84.35,mastery,12.778,83.417
a,3,Random,9,0,6,47.1,mastery,12.1,79.785
a,3,Random,10,0,7,64.95,mastery,11.636,78.436
a,3,Random,11,0,35,56.75,timeout,13.583,76.629
a,3,Random,12,0,35,-1.25,timeout,15.231,70.638
a,3,Random,13,0,9,50.65,mastery,14.786,69.211
a,3,Random,14,0,19,147.15,mastery,15.067,74.407
a,3,Random,15,0,4,51.4,mastery,14.375,72.969
a,3,Random,16,0,35,5.75,timeout,15.588,69.015
a,3,Random,17,0,12,56.2,mastery,15.389,68.303
a,3,Random,18,0,4,66.4,mastery,14.789,68.203
a,3,Random,19,0,21,41.85,mastery,15.1,66.885
a,3,Random,20,0,23,99.55,mastery,15.476,68.44
a,3,Random,21,0,11,82.35,mastery,15.273,69.073
a,3,Random,22,0,6,59.1,mastery,14.87,68.639
a,3,Random,23,0,15,63.75,mastery,14.875,68.435
a,3,Random,24,0,33,62.05,mastery,15.6,68.18
a,3,Random,25,0,15,37.75,mastery,15.577,67.01
a,3,Random,26,0,9,98.65,mastery,15.333,68.181
a,3,Random,27,0,13,86.05,mastery,15.25,68.82
a,3,Random,28,0,18,125.3,mastery,15.345,70.767
a,3,Random,29,0,10,55.5,mastery,15.167,70.258
a,3,Random,30,0,24,88.4,mastery,15.452,70.844
a,3,Random,31,0,6,69.1,mastery,15.156,70.789
a,3,Random,32,0,7,83.95,mastery,14.909,71.188
a,3,Random,33,0,35,125.75,timeout,15.5,72.793
a,3,Random,34,0,7,73.95,mastery,15.257,72.826
a,3,Random,35,0,14,54.9,mastery,15.222,72.328
a,3,Random,36,0,14,84.9,mastery,15.189,72.668
a,3,Random,37,0,10,89.5,mastery,15.053,73.111
a,3,Random,38,0,35,107.75,timeout,15.564,73.999
a,3,Random,39,0,10,53.5,mastery,15.425,73.486
a,3,Random,40,0,35,138.75,timeout,15.902,75.078
a,3,Random,41,0,3,53.55,mastery,15.595,74.565
a,3,Random,42,0,15,124.75,mastery,15.581,75.733
a,3,Random,43,0,14,89.9,mastery,15.545,76.055
a,3,Random,44,0,15,68.75,mastery,15.533,75.892
a,3,Random,45,0,15,85.75,mastery,15.522,76.107
a,3,Random,46,0,7,54.95,mastery,15.34,75.656
a,3,Random,47,0,8,69.8,mastery,15.188,75.534
a,3,Random,48,0,16,73.6,mastery,15.204,75.495
a,3,Random,49,1,9,50.65,mastery,15.08,74.998
a,3,SARSA,0,0,35,62.75,timeout,35.0,62.75
a,3,SARSA,1,0,20,186.0,mastery,27.5,124.375
a,3,SARSA,2,0,5,59.25,mastery,20.0,102.667
a,3,SARSA,3,0,5,59.25,mastery,16.25,91.812
a,3,SARSA,4,0,7,61.95,mastery,14.4,85.84
a,3,SARSA,5,0,5,59.25,mastery,12.833,81.408
a,3,SARSA,6,0,6,57.1,mastery,11.857,77.936
a,3,SARSA,7,0,16,45.6,mastery,12.375,73.894
a,3,SARSA,8,0,10,62.5,mastery,12.111,72.628
a,3,SARSA,9,0,5,59.25,mastery,11.4,71.29
a,3,SARSA,10,0,6,64.1,mastery,10.909,70.636
a,3,SARSA,11,0,4,61.4,mastery,10.333,69.867
a,3,SARSA,12,0,6,57.1,mastery,10.0,68.885
a,3,SARSA,13,0,11,65.35,mastery,10.071,68.632
a,3,SARSA,14,0,13,66.05,mastery,10.267,68.46
a,3,SARSA,15,0,8,59.8,mastery,10.125,67.919
a,3,SARSA,16,0,6,57.1,mastery,9.882,67.282
a,3,SARSA,17,0,6,61.1,mastery,9.667,66.939
a,3,SARSA,18,0,12,54.2,mastery,9.789,66.268
a,3,SARSA,19,0,9,66.65,mastery,9.75,66.287
a,3,SARSA,20,0,35,215.75,timeout,10.952,73.405
a,3,SARSA,21,0,35,122.75,timeout,12.045,75.648
a,3,SARSA,22,0,35,149.75,timeout,13.043,78.87
a,3,SARSA,23,0,35,141.75,timeout,13.958,81.49
a,3,SARSA,24,0,35,165.75,timeout,14.8,84.86
a,3,SARSA,25,0,35,165.75,timeout,15.577,87.971
a,3,SARSA,26,0,35,131.75,timeout,16.296,89.593
a,3,SARSA,27,0,35,136.75,timeout,16.964,91.277
a,3,SARSA,28,0,35,74.75,timeout,17.586,90.707
a,3,SARSA,29,0,35,155.75,timeout,18.167,92.875
a,3,SARSA,30,0,35,155.75,timeout,18.71,94.903
a,3,SARSA,31,0,35,158.75,timeout,19.219,96.898
a,3,SARSA,32,0,35,165.75,timeout,19.697,98.985
a,3,SARSA,33,0,35,181.75,timeout,20.147,101.419
a,3,SARSA,34,0,7,63.95,mastery,19.771,100.349
a,3,SARSA,35,0,35,137.75,timeout,20.194,101.387
a,3,SARSA,36,0,4,61.4,mastery,19.757,100.307
a,3,SARSA,37,0,12,61.2,mastery,19.553,99.278
a,3,SARSA,38,0,35,130.75,timeout,19.949,100.085
a,3,SARSA,39,0,35,165.75,timeout,20.325,101.726
a,3,SARSA,40,0,35,160.75,timeout,20.683,103.166
a,3,SARSA,41,0,35,165.75,timeout,21.024,104.656
a,3,SARSA,42,0,35,151.75,timeout,21.349,105.751
a,3,SARSA,43,0,9,71.65,mastery,21.068,104.976
a,3,SARSA,44,0,4,61.4,mastery,20.689,104.008
a,3,SARSA,45,0,18,135.3,mastery,20.63,104.688
a,3,SARSA,46,0,7,61.95,mastery,20.34,103.779
a,3,SARSA,47,0,5,59.25,mastery,20.021,102.851
a,3,SARSA,48,0,4,61.4,mastery,19.694,102.005
a,3,SARSA,49,1,6,57.1,mastery,19.42,101.107
a,4,Random,0,0,22,72.7,mastery,22.0,72.7
a,4,Random,1,0,10,65.5,mastery,16.0,69.1
a,4,Random,2,0,22,174.7,mastery,18.0,104.3
a,4,Random,3,0,13,47.05,mastery,16.75,89.987
a,4,Random,4,0,7,59.95,mastery,14.8,83.98
a,4,Random,5,0,24,150.4,mastery,16.333,95.05
a,4,Random,6,0,23,60.55,mastery,17.286,90.121
a,4,Random,7,0,5,59.25,mastery,15.75,86.262
a,4,Random,8,0,12,89.2,mastery,15.333,86.589
a,4,Random,9,0,12,51.2,mastery,15.0,83.05
a,4,Random,10,0,15,47.75,mastery,15.0,79.841
a,4,Random,11,0,9,40.65,mastery,14.5,76.575
a,4,Random,12,0,9,67.65,mastery,14.077,75.888
a,4,Random,13,0,11,51.35,mastery,13.857,74.136
a,4,Random,14,0,7,37.95,mastery,13.4,71.723
a,4,Random,15,0,18,63.3,mastery,13.688,71.197
a,4,Random,16,0,15,60.75,mastery,13.765,70.582
a,4,Random,17,0,8,105.8,mastery,13.444,72.539
a,4,Random,18,0,16,119.6,mastery,13.579,75.016
a,4,Random,19,0,20,58.0,mastery,13.9,74.165
a,4,Random,20,0,35,100.75,timeout,14.905,75.431
a,4,Random,21,0,13,83.05,mastery,14.818,75.777
a,4,Random,22,0,14,68.9,mastery,14.783,75.478
a,4,Random,23,0,24,54.4,mastery,15.167,74.6
a,4,Random,24,0,10,63.5,mastery,14.96,74.156
a,4,Random,25,0,35,202.75,timeout,15.731,79.102
a,4,Random,26,0,32,121.2,mastery,16.333,80.661
a,4,Random,27,0,15,117.75,mastery,16.286,81.986
a,4,Random,28,0,35,41.75,timeout,16.931,80.598
a,4,Random,29,0,20,152.0,mastery,17.033,82.978
a,4,Random,30,0,7,61.95,mastery,16.71,82.3
a,4,Random,31,0,6,86.1,mastery,16.375,82.419
a,4,Random,32,0,22,142.7,mastery,16.545,84.245
a,4,Random,33,0,4,68.4,mastery,16.176,83.779
a,4,Random,34,0,35,22.75,timeout,16.714,82.036
a,4,Random,35,0,25,153.25,mastery,16.944,84.014
a,4,Random,36,0,12,49.2,mastery,16.811,83.073
a,4,Random,37,0,14,46.9,mastery,16.737,82.121
a,4,Random,38,0,12,70.2,mastery,16.615,81.815
a,4,Random,39,0,14,68.9,mastery,16.55,81.492
a,4,Random,40,0,13,126.05,mastery,16.463,82.579
a,4,Random,41,0,7,44.95,mastery,16.238,81.683
a,4,Random,42,0,34,129.9,mastery,16.651,82.805
a,4,Random,43,0,14,84.9,mastery,16.591,82.852
a,4,Random,44,0,12,42.2,mastery,16.489,81.949
a,4,Random,45,0,14,140.9,mastery,16.435,83.23
a,4,Random,46,0,3,53.55,mastery,16.149,82.599
a,4,Random,47,0,10,44.5,mastery,16.021,81.805
a,4,Random,48,0,11,82.35,mastery,15.918,81.816
a,4,Random,49,1,12,77.2,mastery,15.84,81.724
a,4,SARSA,0,0,8,54.8,mastery,8.0,54.8
a,4,SARSA,1,0,7,61.95,mastery,7.5,58.375
a,4,SARSA,2,0,5,59.25,mastery,6.667,58.667
a,4,SARSA,3,0,8,52.8,mastery,7.0,57.2
a,4,SARSA,4,0,5,66.25,mastery,6.6,59.01
a,4,SARSA,5,0,13,52.05,mastery,7.667,57.85
a,4,SARSA,6,0,7,54.95,mastery,7.571,57.436
a,4,SARSA,7,0,5,59.25,mastery,7.25,57.663
a,4,SARSA,8,0,11,46.35,mastery,7.667,56.406
a,4,SARSA,9,0,5,59.25,mastery,7.4,56.69
a,4,SARSA,10,0,7,63.95,mastery,7.364,57.35
a,4,SARSA,11,0,5,59.25,mastery,7.167,57.508
a,4,SARSA,12,0,7,54.95,mastery,7.154,57.312
a,4,SARSA,13,0,9,50.65,mastery,7.286,56.836
a,4,SARSA,14,0,9,50.65,mastery,7.4,56.423
a,4,SARSA,15,0,5,59.25,mastery,7.25,56.6
a,4,SARSA,16,0,4,61.4,mastery,7.059,56.882
a,4,SARSA,17,0,21,118.85,mastery,7.833,60.325
a,4,SARSA,18,0,6,57.1,mastery,7.737,60.155
a,4,SARSA,19,0,17,64.45,mastery,8.2,60.37
a,4,SARSA,20,0,5,59.25,mastery,8.048,60.317
a,4,SARSA,21,0,5,59.25,mastery,7.909,60.268
a,4,SARSA,22,0,4,61.4,mastery,7.739,60.317
a,4,SARSA,23,0,5,59.25,mastery,7.625,60.273
a,4,SARSA,24,0,6,59.1,mastery,7.56,60.226
a,4,SARSA,25,0,4,61.4,mastery,7.423,60.271
a,4,SARSA,26,0,4,61.4,mastery,7.296,60.313
a,4,SARSA,27,0,6,57.1,mastery,7.25,60.198
a,4,SARSA,28,0,5,59.25,mastery,7.172,60.166
a,4,SARSA,29,0,14,75.9,mastery,7.4,60.69
a,4,SARSA,30,0,10,58.5,mastery,7.484,60.619
a,4,SARSA,31,0,8,66.8,mastery,7.5,60.812
a,4,SARSA,32,0,35,84.75,timeout,8.333,61.538
a,4,SARSA,33,0,35,165.75,timeout,9.118,64.603
a,4,SARSA,34,0,35,165.75,timeout,9.857,67.493
a,4,SARSA,35,0,35,160.75,timeout,10.556,70.083
a,4,SARSA,36,0,35,165.75,timeout,11.216,72.669
a,4,SARSA,37,0,35,211.75,mastery,11.842,76.329
a,4,SARSA,38,0,7,56.95,mastery,11.718,75.832
a,4,SARSA,39,0,5,61.25,mastery,11.55,75.468
a,4,SARSA,40,0,8,52.8,mastery,11.463,74.915
a,4,SARSA,41,0,8,52.8,mastery,11.381,74.388
a,4,SARSA,42,0,6,59.1,mastery,11.256,74.033
a,4,SARSA,43,0,35,98.75,timeout,11.795,74.594
a,4,SARSA,44,0,8,52.8,mastery,11.711,74.11
a,4,SARSA,45,0,7,61.95,mastery,11.609,73.846
a,4,SARSA,46,0,15,129.75,mastery,11.681,75.035
a,4,SARSA,47,0,4,61.4,mastery,11.521,74.751
a,4,SARSA,48,0,4,61.4,mastery,11.367,74.479
a,4,SARSA,49,1,6,57.1,mastery,11.26,74.131
a,5,Random,0,0,24,119.4,mastery,24.0,119.4
a,5,Random,1,0,6,59.1,mastery,15.0,89.25
a,5,Random,2,0,13,117.05,mastery,14.333,98.517
a,5,Random,3,0,15,56.75,mastery,14.5,88.075
a,5,Random,4,0,14,43.9,mastery,14.4,79.24
a,5,Random,5,0,27,29.95,mastery,16.5,71.025
a,5,Random,6,0,9,86.65,mastery,15.429,73.257
a,5,Random,7,0,12,58.2,mastery,15.0,71.375
a,5,Random,8,0,29,79.65,mastery,16.556,72.294
a,5,Random,9,0,5,52.25,mastery,15.4,70.29
a,5,Random,10,0,11,39.35,mastery,15.0,67.477
a,5,Random,11,0,11,84.35,mastery,14.667,68.883
a,5,Random,12,0,7,54.95,mastery,14.077,67.812
a,5,Random,13,0,10,67.5,mastery,13.786,67.789
a,5,Random,14,0,5,45.25,mastery,13.2,66.287
a,5,Random,15,0,7,54.95,mastery,12.812,65.578
a,5,Random,16,0,12,61.2,mastery,12.765,65.321
a,5,Random,17,0,25,33.25,mastery,13.444,63.539
a,5,Random,18,0,9,55.65,mastery,13.211,63.124
a,5,Random,19,0,5,59.25,mastery,12.8,62.93
a,5,Random,20,0,35,20.75,timeout,13.857,60.921
a,5,Random,21,0,18,125.3,mastery,14.045,63.848
a,5,Random,22,0,12,70.2,mastery,13.957,64.124
a,5,Random,23,0,12,56.2,mastery,13.875,63.794
a,5,Random,24,0,17,41.45,mastery,14.0,62.9
a,5,Random,25,0,35,64.75,timeout,14.808,62.971
a,5,Random,26,0,21,90.85,mastery,15.037,64.004
a,5,Random,27,0,15,56.75,mastery,15.036,63.745
a,5,Random,28,0,13,68.05,mastery,14.966,63.893
a,5,Random,29,0,12,56.2,mastery,14.867,63.637
a,5,Random,30,0,6,64.1,mastery,14.581,63.652
a,5,Random,31,0,9,43.65,mastery,14.406,63.027
a,5,Random,32,0,18,84.3,mastery,14.515,63.671
a,5,Random,33,0,14,53.9,mastery,14.5,63.384
a,5,Random,34,0,29,119.65,mastery,14.914,64.991
a,5,Random,35,0,8,76.8,mastery,14.722,65.319
a,5,Random,36,0,16,126.6,mastery,14.757,66.976
a,5,Random,37,0,20,48.0,mastery,14.895,66.476
a,5,Random,38,0,12,119.2,mastery,14.821,67.828
a,5,Random,39,0,16,42.6,mastery,14.85,67.198
a,5,Random,40,0,4,61.4,mastery,14.585,67.056
a,5,Random,41,0,12,56.2,mastery,14.524,66.798
a,5,Random,42,0,5,59.25,mastery,14.302,66.622
a,5,Random,43,0,14,67.9,mastery,14.295,66.651
a,5,Random,44,0,27,187.95,mastery,14.578,69.347
a,5,Random,45,0,12,68.2,mastery,14.522,69.322
a,5,Random,46,0,5,71.25,mastery,14.319,69.363
a,5,Random,47,0,10,65.5,mastery,14.229,69.282
a,5,Random,48,0,35,140.75,timeout,14.653,70.741
a,5,Random,49,1,12,73.2,mastery,14.6,70.79
a,5,SARSA,0,0,14,49.9,mastery,14.0,49.9
a,5,SARSA,1,0,4,61.4,mastery,9.0,55.65
a,5,SARSA,2,0,4,61.4,mastery,7.333,57.567
a,5,SARSA,3,0,12,53.2,mastery,8.5,56.475
a,5,SARSA,4,0,9,50.65,mastery,8.6,55.31
a,5,SARSA,5,0,9,60.65,mastery,8.667,56.2
a,5,SARSA,6,0,7,61.95,mastery,8.429,57.021
a,5,SARSA,7,0,10,60.5,mastery,8.625,57.456
a,5,SARSA,8,0,6,57.1,mastery,8.333,57.417
a,5,SARSA,9,0,4,61.4,mastery,7.9,57.815
a,5,SARSA,10,0,4,61.4,mastery,7.545,58.141
a,5,SARSA,11,0,14,49.9,mastery,8.083,57.454
a,5,SARSA,12,0,4,61.4,mastery,7.769,57.758
a,5,SARSA,13,0,4,61.4,mastery,7.5,58.018
a,5,SARSA,14,0,19,133.15,mastery,8.267,63.027
a,5,SARSA,15,0,9,60.65,mastery,8.312,62.878
a,5,SARSA,16,0,7,54.95,mastery,8.235,62.412
a,5,SARSA,17,0,12,54.2,mastery,8.444,61.956
a,5,SARSA,18,0,6,57.1,mastery,8.316,61.7
a,5,SARSA,19,0,6,57.1,mastery,8.2,61.47
a,5,SARSA,20,0,10,58.5,mastery,8.286,61.329
a,5,SARSA,21,0,11,56.35,mastery,8.409,61.102
a,5,SARSA,22,0,9,57.65,mastery,8.435,60.952
a,5,SARSA,23,0,5,59.25,mastery,8.292,60.881
a,5,SARSA,24,0,4,61.4,mastery,8.12,60.902
a,5,SARSA,25,0,4,61.4,mastery,7.962,60.921
a,5,SARSA,26,0,12,54.2,mastery,8.111,60.672
a,5,SARSA,27,0,5,61.25,mastery,8.0,60.693
a,5,SARSA,28,0,12,68.2,mastery,8.138,60.952
a,5,SARSA,29,0,4,61.4,mastery,8.0,60.967
a,5,SARSA,30,0,9,50.65,mastery,8.032,60.634
a,5,SARSA,31,0,7,54.95,mastery,8.0,60.456
a,5,SARSA,32,0,6,57.1,mastery,7.939,60.355
a,5,SARSA,33,0,12,51.2,mastery,8.059,60.085
a,5,SARSA,34,0,5,59.25,mastery,7.971,60.061
a,5,SARSA,35,0,6,59.1,mastery,7.917,60.035
a,5,SARSA,36,0,10,48.5,mastery,7.973,59.723
a,5,SARSA,37,0,6,57.1,mastery,7.921,59.654
a,5,SARSA,38,0,12,89.2,mastery,8.026,60.412
a,5,SARSA,39,0,5,59.25,mastery,7.95,60.382
a,5,SARSA,40,0,6,57.1,mastery,7.902,60.302
a,5,SARSA,41,0,8,59.8,mastery,7.905,60.29
a,5,SARSA,42,0,9,52.65,mastery,7.93,60.113
a,5,SARSA,43,0,6,66.1,mastery,7.886,60.249
a,5,SARSA,44,0,10,48.5,mastery,7.933,59.988
a,5,SARSA,45,0,5,59.25,mastery,7.87,59.972
a,5,SARSA,46,0,5,59.25,mastery,7.809,59.956
a,5,SARSA,47,0,6,57.1,mastery,7.771,59.897
a,5,SARSA,48,0,6,57.1,mastery,7.735,59.84
a,5,SARSA,49,1,6,59.1,mastery,7.7,59.825
a,6,Random,0,0,22,70.7,mastery,22.0,70.7
a,6,Random,1,0,11,58.35,mastery,16.5,64.525
a,6,Random,2,0,12,44.2,mastery,15.0,57.75
a,6,Random,3,0,11,67.35,mastery,14.0,60.15
a,6,Random,4,0,7,78.95,mastery,12.6,63.91
a,6,Random,5,0,8,52.8,mastery,11.833,62.058
a,6,Random,6,0,9,62.65,mastery,11.429,62.143
a,6,Random,7,0,13,56.05,mastery,11.625,61.381
a,6,Random,8,0,27,216.95,mastery,13.333,78.667
a,6,Random,9,0,7,66.95,mastery,12.7,77.495
a,6,Random,10,0,5,59.25,mastery,12.0,75.836
a,6,Random,11,0,23,134.55,mastery,12.917,80.729
a,6,Random,12,0,8,76.8,mastery,12.538,80.427
a,6,Random,13,0,35,14.75,timeout,14.143,75.736
a,6,Random,14,0,8,57.8,mastery,13.733,74.54
a,6,Random,15,0,15,90.75,mastery,13.812,75.553
a,6,Random,16,0,6,40.1,mastery,13.353,73.468
a,6,Random,17,0,16,75.6,mastery,13.5,73.586
a,6,Random,18,0,35,14.75,timeout,14.632,70.489
a,6,Random,19,0,13,56.05,mastery,14.55,69.767
a,6,Random,20,0,6,57.1,mastery,14.143,69.164
a,6,Random,21,0,6,62.1,mastery,13.773,68.843
a,6,Random,22,0,25,35.25,mastery,14.261,67.383
a,6,Random,23,0,35,11.75,timeout,15.125,65.065
a,6,Random,24,0,4,63.4,mastery,14.68,64.998
a,6,Random,25,0,22,129.7,mastery,14.962,67.487
a,6,Random,26,0,23,51.55,mastery,15.259,66.896
a,6,Random,27,0,8,76.8,mastery,15.0,67.25
a,6,Random,28,0,12,87.2,mastery,14.897,67.938
a,6,Random,29,0,11,65.35,mastery,14.767,67.852
a,6,Random,30,0,3,53.55,mastery,14.387,67.39
a,6,Random,31,0,10,53.5,mastery,14.25,66.956
a,6,Random,32,0,10,60.5,mastery,14.121,66.761
a,6,Random,33,0,13,83.05,mastery,14.088,67.24
a,6,Random,34,0,21,59.85,mastery,14.286,67.029
a,6,Random,35,0,4,51.4,mastery,14.0,66.594
a,6,Random,36,0,35,224.75,timeout,14.568,70.869
a,6,Random,37,0,24,57.4,mastery,14.816,70.514
a,6,Random,38,0,24,30.4,mastery,15.051,69.486
a,6,Random,39,0,35,51.75,timeout,15.55,69.042
a,6,Random,40,0,10,55.5,mastery,15.415,68.712
a,6,Random,41,0,14,63.9,mastery,15.381,68.598
a,6,Random,42,0,14,81.9,mastery,15.349,68.907
a,6,Random,43,0,26,147.1,mastery,15.591,70.684
a,6,Random,44,0,30,162.5,mastery,15.911,72.724
a,6,Random,45,0,12,48.2,mastery,15.826,72.191
a,6,Random,46,0,17,65.45,mastery,15.851,72.048
a,6,Random,47,0,28,144.8,mastery,16.104,73.564
a,6,Random,48,0,20,66.0,mastery,16.184,73.409
a,6,Random,49,1,7,66.95,mastery,16.0,73.28
a,6,SARSA,0,0,6,57.1,mastery,6.0,57.1
a,6,SARSA,1,0,13,52.05,mastery,9.5,54.575
a,6,SARSA,2,0,8,52.8,mastery,9.0,53.983
a,6,SARSA,3,0,4,61.4,mastery,7.75,55.838
a,6,SARSA,4,0,5,59.25,mastery,7.2,56.52
a,6,SARSA,5,0,6,57.1,mastery,7.0,56.617
a,6,SARSA,6,0,6,57.1,mastery,6.857,56.686
a,6,SARSA,7,0,7,58.95,mastery,6.875,56.969
a,6,SARSA,8,0,11,56.35,mastery,7.333,56.9
a,6,SARSA,9,0,11,56.35,mastery,7.7,56.845
a,6,SARSA,10,0,5,59.25,mastery,7.455,57.064
a,6,SARSA,11,0,9,50.65,mastery,7.583,56.529
a,6,SARSA,12,0,18,123.3,mastery,8.385,61.665
a,6,SARSA,13,0,8,59.8,mastery,8.357,61.532
a,6,SARSA,14,0,6,64.1,mastery,8.2,61.703
a,6,SARSA,15,0,4,61.4,mastery,7.938,61.684
a,6,SARSA,16,0,8,52.8,mastery,7.941,61.162
a,6,SARSA,17,0,4,61.4,mastery,7.722,61.175
a,6,SARSA,18,0,9,59.65,mastery,7.789,61.095
a,6,SARSA,19,0,12,80.2,mastery,8.0,62.05
a,6,SARSA,20,0,35,149.75,timeout,9.286,66.226
a,6,SARSA,21,0,8,61.8,mastery,9.227,66.025
a,6,SARSA,22,0,6,59.1,mastery,9.087,65.724
a,6,SARSA,23,0,10,48.5,mastery,9.125,65.006
a,6,SARSA,24,0,12,51.2,mastery,9.24,64.454
a,6,SARSA,25,0,5,59.25,mastery,9.077,64.254
a,6,SARSA,26,0,10,48.5,mastery,9.111,63.67
a,6,SARSA,27,0,8,52.8,mastery,9.071,63.282
a,6,SARSA,28,0,9,57.65,mastery,9.069,63.088
a,6,SARSA,29,0,12,58.2,mastery,9.167,62.925
a,6,SARSA,30,0,4,61.4,mastery,9.0,62.876
a,6,SARSA,31,0,8,52.8,mastery,8.969,62.561
a,6,SARSA,32,0,12,56.2,mastery,9.061,62.368
a,6,SARSA,33,0,11,56.35,mastery,9.118,62.191
a,6,SARSA,34,0,6,57.1,mastery,9.029,62.046
a,6,SARSA,35,0,6,57.1,mastery,8.944,61.908
a,6,SARSA,36,0,4,61.4,mastery,8.811,61.895
a,6,SARSA,37,0,7,54.95,mastery,8.763,61.712
a,6,SARSA,38,0,13,52.05,mastery,8.872,61.464
a,6,SARSA,39,0,35,109.75,timeout,9.525,62.671
a,6,SARSA,40,0,35,151.75,timeout,10.146,64.844
a,6,SARSA,41,0,35,165.75,timeout,10.738,67.246
a,6,SARSA,42,0,35,165.75,timeout,11.302,69.537
a,6,SARSA,43,0,35,144.75,timeout,11.841,71.247
a,6,SARSA,44,0,11,46.35,mastery,11.822,70.693
a,6,SARSA,45,0,28,199.8,mastery,12.174,73.5
a,6,SARSA,46,0,35,73.75,timeout,12.66,73.505
a,6,SARSA,47,0,5,66.25,mastery,12.5,73.354
a,6,SARSA,48,0,5,59.25,mastery,12.347,73.066
a,6,SARSA,49,1,15,95.75,mastery,12.4,73.52
a,7,Random,0,0,29,129.65,mastery,29.0,129.65
a,7,Random,1,0,24,115.4,mastery,26.5,122.525
a,7,Random,2,0,26,154.1,mastery,26.333,133.05
a,7,Random,3,0,35,17.75,timeout,28.5,104.225
a,7,Random,4,0,35,37.75,timeout,29.8,90.93
a,7,Random,5,0,13,92.05,mastery,27.0,91.117
a,7,Random,6,0,21,89.85,mastery,26.143,90.936
a,7,Random,7,0,15,49.75,mastery,24.75,85.787
a,7,Random,8,0,19,169.15,mastery,24.111,95.05
a,7,Random,9,0,7,40.95,mastery,22.4,89.64
a,7,Random,10,0,9,74.65,mastery,21.182,88.277
a,7,Random,11,0,7,47.95,mastery,20.0,84.917
a,7,Random,12,0,5,59.25,mastery,18.846,82.942
a,7,Random,13,0,22,63.7,mastery,19.071,81.568
a,7,Random,14,0,10,96.5,mastery,18.467,82.563
a,7,Random,15,0,8,69.8,mastery,17.812,81.766
a,7,Random,16,0,8,71.8,mastery,17.235,81.179
a,7,Random,17,0,8,59.8,mastery,16.722,79.992
a,7,Random,18,0,14,49.9,mastery,16.579,78.408
a,7,Random,19,0,11,67.35,mastery,16.3,77.855
a,7,Random,20,0,26,23.1,mastery,16.762,75.248
a,7,Random,21,0,15,121.75,mastery,16.682,77.361
a,7,Random,22,0,9,69.65,mastery,16.348,77.026
a,7,Random,23,0,7,73.95,mastery,15.958,76.898
a,7,Random,24,0,13,104.05,mastery,15.84,77.984
a,7,Random,25,0,5,64.25,mastery,15.423,77.456
a,7,Random,26,0,16,73.6,mastery,15.444,77.313
a,7,Random,27,0,6,71.1,mastery,15.107,77.091
a,7,Random,28,0,16,35.6,mastery,15.138,75.66
a,7,Random,29,0,12,56.2,mastery,15.033,75.012
a,7,Random,30,0,19,95.15,mastery,15.161,75.661
a,7,Random,31,0,16,45.6,mastery,15.188,74.722
a,7,Random,32,0,14,90.9,mastery,15.152,75.212
a,7,Random,33,0,34,27.9,mastery,15.706,73.821
a,7,Random,34,0,33,68.05,mastery,16.2,73.656
a,7,Random,35,0,35,45.75,timeout,16.722,72.881
a,7,Random,36,0,32,45.2,mastery,17.135,72.132
a,7,Random,37,0,20,177.0,mastery,17.211,74.892
a,7,Random,38,0,15,62.75,mastery,17.154,74.581
a,7,Random,39,0,14,79.9,mastery,17.075,74.714
a,7,Random,40,0,12,63.2,mastery,16.951,74.433
a,7,Random,41,0,12,58.2,mastery,16.833,74.046
a,7,Random,42,0,11,46.35,mastery,16.698,73.402
a,7,Random,43,0,18,188.3,mastery,16.727,76.014
a,7,Random,44,0,28,68.8,mastery,16.978,75.853
a,7,Random,45,0,19,62.15,mastery,17.022,75.555
a,7,Random,46,0,9,98.65,mastery,16.851,76.047
a,7,Random,47,0,12,61.2,mastery,16.75,75.737
a,7,Random,48,0,19,65.15,mastery,16.796,75.521
a,7,Random,49,1,11,58.35,mastery,16.68,75.178
a,7,SARSA,0,0,11,58.35,mastery,11.0,58.35
a,7,SARSA,1,0,12,53.2,mastery,11.5,55.775
a,7,SARSA,2,0,5,59.25,mastery,9.333,56.933
a,7,SARSA,3,0,8,59.8,mastery,9.0,57.65
a,7,SARSA,4,0,7,61.95,mastery,8.6,58.51
a,7,SARSA,5,0,7,54.95,mastery,8.333,57.917
a,7,SARSA,6,0,9,50.65,mastery,8.429,56.879
a,7,SARSA,7,0,7,54.95,mastery,8.25,56.637
a,7,SARSA,8,0,4,61.4,mastery,7.778,57.167
a,7,SARSA,9,0,4,61.4,mastery,7.4,57.59
a,7,SARSA,10,0,7,56.95,mastery,7.364,57.532
a,7,SARSA,11,0,4,61.4,mastery,7.083,57.854
a,7,SARSA,12,0,11,62.35,mastery,7.385,58.2
a,7,SARSA,13,0,5,59.25,mastery,7.214,58.275
a,7,SARSA,14,0,5,59.25,mastery,7.067,58.34
a,7,SARSA,15,0,22,164.7,mastery,8.0,64.987
a,7,SARSA,16,0,7,54.95,mastery,7.941,64.397
a,7,SARSA,17,0,26,128.1,mastery,8.944,67.936
a,7,SARSA,18,0,8,54.8,mastery,8.895,67.245
a,7,SARSA,19,0,6,57.1,mastery,8.75,66.737
a,7,SARSA,20,0,4,61.4,mastery,8.524,66.483
a,7,SARSA,21,0,5,59.25,mastery,8.364,66.155
a,7,SARSA,22,0,5,66.25,mastery,8.217,66.159
a,7,SARSA,23,0,8,54.8,mastery,8.208,65.685
a,7,SARSA,24,0,7,54.95,mastery,8.16,65.256
a,7,SARSA,25,0,19,154.15,mastery,8.577,68.675
a,7,SARSA,26,0,5,61.25,mastery,8.444,68.4
a,7,SARSA,27,0,10,50.5,mastery,8.5,67.761
a,7,SARSA,28,0,7,56.95,mastery,8.448,67.388
a,7,SARSA,29,0,5,66.25,mastery,8.333,67.35
a,7,SARSA,30,0,14,63.9,mastery,8.516,67.239
a,7,SARSA,31,0,10,58.5,mastery,8.562,66.966
a,7,SARSA,32,0,15,114.75,mastery,8.758,68.414
a,7,SARSA,33,0,5,59.25,mastery,8.647,68.144
a,7,SARSA,34,0,13,78.05,mastery,8.771,68.427
a,7,SARSA,35,0,7,61.95,mastery,8.722,68.247
a,7,SARSA,36,0,5,59.25,mastery,8.622,68.004
a,7,SARSA,37,0,5,59.25,mastery,8.526,67.774
a,7,SARSA,38,0,5,59.25,mastery,8.436,67.555
a,7,SARSA,39,0,5,59.25,mastery,8.35,67.347
a,7,SARSA,40,0,10,55.5,mastery,8.39,67.059
a,7,SARSA,41,0,6,66.1,mastery,8.333,67.036
a,7,SARSA,42,0,19,56.15,mastery,8.581,66.783
a,7,SARSA,43,0,6,64.1,mastery,8.523,66.722
a,7,SARSA,44,0,6,69.1,mastery,8.467,66.774
a,7,SARSA,45,0,6,59.1,mastery,8.413,66.608
a,7,SARSA,46,0,5,59.25,mastery,8.34,66.451
a,7,SARSA,47,0,4,61.4,mastery,8.25,66.346
a,7,SARSA,48,0,4,61.4,mastery,8.163,66.245
a,7,SARSA,49,1,11,67.35,mastery,8.22,66.267
a,8,Random,0,0,7,54.95,mastery,7.0,54.95
a,8,Random,1,0,8,64.8,mastery,7.5,59.875
a,8,Random,2,0,25,144.25,mastery,13.333,88.0
a,8,Random,3,0,6,50.1,mastery,11.5,78.525
a,8,Random,4,0,16,96.6,mastery,12.4,82.14
a,8,Random,5,0,15,143.75,mastery,12.833,92.408
a,8,Random,6,0,5,59.25,mastery,11.714,87.671
a,8,Random,7,0,13,56.05,mastery,11.875,83.719
a,8,Random,8,0,18,118.3,mastery,12.556,87.561
a,8,Random,9,0,19,84.15,mastery,13.2,87.22
a,8,Random,10,0,8,59.8,mastery,12.727,84.727
a,8,Random,11,0,33,86.05,mastery,14.417,84.837
a,8,Random,12,0,9,67.65,mastery,14.0,83.515
a,8,Random,13,0,13,105.05,mastery,13.929,85.054
a,8,Random,14,0,20,108.0,mastery,14.333,86.583
a,8,Random,15,0,35,-34.25,timeout,15.625,79.031
a,8,Random,16,0,17,52.45,mastery,15.706,77.468
a,8,Random,17,0,5,57.25,mastery,15.111,76.344
a,8,Random,18,0,9,43.65,mastery,14.789,74.624
a,8,Random,19,0,16,71.6,mastery,14.85,74.472
a,8,Random,20,0,19,116.15,mastery,15.048,76.457
a,8,Random,21,0,35,36.75,timeout,15.955,74.652
a,8,Random,22,0,16,35.6,mastery,15.957,72.954
a,8,Random,23,0,8,42.8,mastery,15.625,71.698
a,8,Random,24,0,26,55.1,mastery,16.04,71.034
a,8,Random,25,0,10,55.5,mastery,15.808,70.437
a,8,Random,26,0,9,74.65,mastery,15.556,70.593
a,8,Random,27,0,16,81.6,mastery,15.571,70.986
a,8,Random,28,0,22,66.7,mastery,15.793,70.838
a,8,Random,29,0,10,41.5,mastery,15.6,69.86
a,8,Random,30,0,29,150.65,mastery,16.032,72.466
a,8,Random,31,0,35,81.75,timeout,16.625,72.756
a,8,Random,32,0,18,94.3,mastery,16.667,73.409
a,8,Random,33,0,11,68.35,mastery,16.5,73.26
a,8,Random,34,0,9,69.65,mastery,16.286,73.157
a,8,Random,35,0,20,86.0,mastery,16.389,73.514
a,8,Random,36,0,6,69.1,mastery,16.108,73.395
a,8,Random,37,0,17,44.45,mastery,16.132,72.633
a,8,Random,38,0,7,52.95,mastery,15.897,72.128
a,8,Random,39,0,12,70.2,mastery,15.8,72.08
a,8,Random,40,0,30,169.5,mastery,16.146,74.456
a,8,Random,41,0,9,74.65,mastery,15.976,74.461
a,8,Random,42,0,23,165.55,mastery,16.14,76.579
a,8,Random,43,0,15,52.75,mastery,16.114,76.037
a,8,Random,44,0,19,65.15,mastery,16.178,75.796
a,8,Random,45,0,9,79.65,mastery,16.022,75.879
a,8,Random,46,0,6,47.1,mastery,15.809,75.267
a,8,Random,47,0,13,61.05,mastery,15.75,74.971
a,8,Random,48,0,19,121.15,mastery,15.816,75.913
a,8,Random,49,1,9,74.65,mastery,15.68,75.888
a,8,SARSA,0,0,13,42.05,mastery,13.0,42.05
a,8,SARSA,1,0,5,59.25,mastery,9.0,50.65
a,8,SARSA,2,0,11,63.35,mastery,9.667,54.883
a,8,SARSA,3,0,7,61.95,mastery,9.0,56.65
a,8,SARSA,4,0,5,66.25,mastery,8.2,58.57
a,8,SARSA,5,0,4,61.4,mastery,7.5,59.042
a,8,SARSA,6,0,6,57.1,mastery,7.286,58.764
a,8,SARSA,7,0,17,139.45,mastery,8.5,68.85
a,8,SARSA,8,0,7,54.95,mastery,8.333,67.306
a,8,SARSA,9,0,5,59.25,mastery,8.0,66.5
a,8,SARSA,10,0,6,57.1,mastery,7.818,65.645
a,8,SARSA,11,0,12,56.2,mastery,8.167,64.858
a,8,SARSA,12,0,13,59.05,mastery,8.538,64.412
a,8,SARSA,13,0,5,59.25,mastery,8.286,64.043
a,8,SARSA,14,0,6,57.1,mastery,8.133,63.58
a,8,SARSA,15,0,32,161.2,mastery,9.625,69.681
a,8,SARSA,16,0,21,124.85,mastery,10.294,72.926
a,8,SARSA,17,0,6,59.1,mastery,10.056,72.158
a,8,SARSA,18,0,5,59.25,mastery,9.789,71.479
a,8,SARSA,19,0,6,57.1,mastery,9.6,70.76
a,8,SARSA,20,0,17,118.45,mastery,9.952,73.031
a,8,SARSA,21,0,15,66.75,mastery,10.182,72.745
a,8,SARSA,22,0,8,64.8,mastery,10.087,72.4
a,8,SARSA,23,0,35,79.75,timeout,11.125,72.706
a,8,SARSA,24,0,6,57.1,mastery,10.92,72.082
a,8,SARSA,25,0,6,57.1,mastery,10.731,71.506
a,8,SARSA,26,0,14,42.9,mastery,10.852,70.446
a,8,SARSA,27,0,9,57.65,mastery,10.786,69.989
a,8,SARSA,28,0,35,165.75,timeout,11.621,73.291
a,8,SARSA,29,0,12,54.2,mastery,11.633,72.655
a,8,SARSA,30,0,5,59.25,mastery,11.419,72.223
a,8,SARSA,31,0,4,61.4,mastery,11.188,71.884
a,8,SARSA,32,0,14,75.9,mastery,11.273,72.006
a,8,SARSA,33,0,32,139.2,mastery,11.882,73.982
a,8,SARSA,34,0,5,66.25,mastery,11.686,73.761
a,8,SARSA,35,0,11,48.35,mastery,11.667,73.056
a,8,SARSA,36,0,4,61.4,mastery,11.459,72.741
a,8,SARSA,37,0,7,54.95,mastery,11.342,72.272
a,8,SARSA,38,0,5,59.25,mastery,11.179,71.938
a,8,SARSA,39,0,12,54.2,mastery,11.2,71.495
a,8,SARSA,40,0,7,54.95,mastery,11.098,71.091
a,8,SARSA,41,0,9,50.65,mastery,11.048,70.605
a,8,SARSA,42,0,6,57.1,mastery,10.93,70.291
a,8,SARSA,43,0,5,61.25,mastery,10.795,70.085
a,8,SARSA,44,0,25,158.25,mastery,11.111,72.044
a,8,SARSA,45,0,6,59.1,mastery,11.0,71.763
a,8,SARSA,46,0,6,66.1,mastery,10.894,71.643
a,8,SARSA,47,0,5,59.25,mastery,10.771,71.384
a,8,SARSA,48,0,5,59.25,mastery,10.653,71.137
a,8,SARSA,49,1,4,61.4,mastery,10.52,70.942
a,9,Random,0,0,5,71.25,mastery,5.0,71.25
a,9,Random,1,0,27,148.95,mastery,16.0,110.1
a,9,Random,2,0,23,81.55,mastery,18.333,100.583
a,9,Random,3,0,14,121.9,mastery,17.25,105.912
a,9,Random,4,0,35,114.75,timeout,20.8,107.68
a,9,Random,5,0,25,90.25,mastery,21.5,104.775
a,9,Random,6,0,7,73.95,mastery,19.429,100.371
a,9,Random,7,0,35,36.75,timeout,21.375,92.419
a,9,Random,8,0,20,116.0,mastery,21.222,95.039
a,9,Random,9,0,3,53.55,mastery,19.4,90.89
a,9,Random,10,0,5,64.25,mastery,18.091,88.468
a,9,Random,11,0,35,276.75,timeout,19.5,104.158
a,9,Random,12,0,35,63.75,mastery,20.692,101.05
a,9,Random,13,0,6,64.1,mastery,19.643,98.411
a,9,Random,14,0,8,56.8,mastery,18.867,95.637
a,9,Random,15,0,29,84.65,mastery,19.5,94.95
a,9,Random,16,0,10,108.5,mastery,18.941,95.747
a,9,Random,17,0,9,52.65,mastery,18.389,93.353
a,9,Random,18,0,5,59.25,mastery,17.684,91.558
a,9,Random,19,0,11,87.35,mastery,17.35,91.347
a,9,Random,20,0,9,69.65,mastery,16.952,90.314
a,9,Random,21,0,35,65.75,timeout,17.773,89.198
a,9,Random,22,0,14,63.9,mastery,17.609,88.098
a,9,Random,23,0,24,71.4,mastery,17.875,87.402
a,9,Random,24,0,4,61.4,mastery,17.32,86.362
a,9,Random,25,0,15,37.75,mastery,17.231,84.492
a,9,Random,26,0,18,48.3,mastery,17.259,83.152
a,9,Random,27,0,10,96.5,mastery,17.0,83.629
a,9,Random,28,0,4,61.4,mastery,16.552,82.862
a,9,Random,29,0,9,81.65,mastery,16.3,82.822
a,9,Random,30,0,35,86.75,timeout,16.903,82.948
a,9,Random,31,0,35,112.75,timeout,17.469,83.88
a,9,Random,32,0,10,91.5,mastery,17.242,84.111
a,9,Random,33,0,15,37.75,mastery,17.176,82.747
a,9,Random,34,0,9,62.65,mastery,16.943,82.173
a,9,Random,35,0,14,111.9,mastery,16.861,82.999
a,9,Random,36,0,9,65.65,mastery,16.649,82.53
a,9,Random,37,0,16,64.6,mastery,16.632,82.058
a,9,Random,38,0,16,63.6,mastery,16.615,81.585
a,9,Random,39,0,12,94.2,mastery,16.5,81.9
a,9,Random,40,0,32,38.2,mastery,16.878,80.834
a,9,Random,41,0,20,48.0,mastery,16.952,80.052
a,9,Random,42,0,10,48.5,mastery,16.791,79.319
a,9,Random,43,0,13,80.05,mastery,16.705,79.335
a,9,Random,44,0,18,74.3,mastery,16.733,79.223
a,9,Random,45,0,14,32.9,mastery,16.674,78.216
a,9,Random,46,0,7,61.95,mastery,16.468,77.87
a,9,Random,47,0,7,54.95,mastery,16.271,77.393
a,9,Random,48,0,5,51.25,mastery,16.041,76.859
a,9,Random,49,1,9,64.65,mastery,15.9,76.615
a,9,SARSA,0,0,9,64.65,mastery,9.0,64.65
a,9,SARSA,1,0,4,61.4,mastery,6.5,63.025
a,9,SARSA,2,0,5,59.25,mastery,6.0,61.767
a,9,SARSA,3,0,8,54.8,mastery,6.5,60.025
a,9,SARSA,4,0,5,59.25,mastery,6.2,59.87
a,9,SARSA,5,0,9,50.65,mastery,6.667,58.333
a,9,SARSA,6,0,4,61.4,mastery,6.286,58.771
a,9,SARSA,7,0,4,61.4,mastery,6.0,59.1
a,9,SARSA,8,0,11,60.35,mastery,6.556,59.239
a,9,SARSA,9,0,18,43.3,mastery,7.7,57.645
a,9,SARSA,10,0,6,59.1,mastery,7.545,57.777
a,9,SARSA,11,0,5,59.25,mastery,7.333,57.9
a,9,SARSA,12,0,7,54.95,mastery,7.308,57.673
a,9,SARSA,13,0,10,54.5,mastery,7.5,57.446
a,9,SARSA,14,0,35,137.75,timeout,9.333,62.8
a,9,SARSA,15,0,7,54.95,mastery,9.188,62.309
a,9,SARSA,16,0,8,59.8,mastery,9.118,62.162
a,9,SARSA,17,0,5,59.25,mastery,8.889,62.0
a,9,SARSA,18,0,5,59.25,mastery,8.684,61.855
a,9,SARSA,19,0,9,57.65,mastery,8.7,61.645
a,9,SARSA,20,0,4,61.4,mastery,8.476,61.633
a,9,SARSA,21,0,7,54.95,mastery,8.409,61.33
a,9,SARSA,22,0,4,61.4,mastery,8.217,61.333
a,9,SARSA,23,0,8,64.8,mastery,8.208,61.477
a,9,SARSA,24,0,8,52.8,mastery,8.2,61.13
a,9,SARSA,25,0,10,48.5,mastery,8.269,60.644
a,9,SARSA,26,0,6,71.1,mastery,8.185,61.031
a,9,SARSA,27,0,11,94.35,mastery,8.286,62.221
a,9,SARSA,28,0,6,57.1,mastery,8.207,62.045
a,9,SARSA,29,0,7,54.95,mastery,8.167,61.808
a,9,SARSA,30,0,21,123.85,mastery,8.581,63.81
a,9,SARSA,31,0,35,144.75,timeout,9.406,66.339
a,9,SARSA,32,0,18,159.3,mastery,9.667,69.156
a,9,SARSA,33,0,5,61.25,mastery,9.529,68.924
a,9,SARSA,34,0,7,54.95,mastery,9.457,68.524
a,9,SARSA,35,0,6,57.1,mastery,9.361,68.207
a,9,SARSA,36,0,11,56.35,mastery,9.405,67.886
a,9,SARSA,37,0,8,54.8,mastery,9.368,67.542
a,9,SARSA,38,0,7,54.95,mastery,9.308,67.219
a,9,SARSA,39,0,20,131.0,mastery,9.575,68.814
a,9,SARSA,40,0,6,59.1,mastery,9.488,68.577
a,9,SARSA,41,0,10,55.5,mastery,9.5,68.265
a,9,SARSA,42,0,8,61.8,mastery,9.465,68.115
a,9,SARSA,43,0,7,54.95,mastery,9.409,67.816
a,9,SARSA,44,0,17,81.45,mastery,9.578,68.119
a,9,SARSA,45,0,8,69.8,mastery,9.543,68.155
a,9,SARSA,46,0,20,148.0,mastery,9.766,69.854
a,9,SARSA,47,0,4,61.4,mastery,9.646,69.678
a,9,SARSA,48,0,5,59.25,mastery,9.551,69.465
a,9,SARSA,49,1,12,51.2,mastery,9.6,69.1
