seed,algo,episode,is_final,steps_to_mastery,total_reward,done_reason,running_mean_steps,running_mean_reward
0,Random,0,0,24,71.2,mastery,24.0,71.2
0,Random,1,0,18,77.4,mastery,21.0,74.3
0,Random,2,0,23,146.4,mastery,21.667,98.333
0,Random,3,0,10,83.0,mastery,18.75,94.5
0,Random,4,0,13,127.4,mastery,17.6,101.08
0,Random,5,0,18,77.4,mastery,17.667,97.133
0,Random,6,0,8,78.4,mastery,16.286,94.457
0,Random,7,0,13,84.4,mastery,15.875,93.2
0,Random,8,0,12,76.6,mastery,15.444,91.356
0,Random,9,0,5,62.0,mastery,14.4,88.42
0,Random,10,0,19,73.2,mastery,14.818,87.036
0,Random,11,0,23,93.4,mastery,15.5,87.567
0,Random,12,0,11,100.8,mastery,15.154,88.585
0,Random,13,0,12,100.6,mastery,14.929,89.443
0,Random,14,0,6,63.8,mastery,14.333,87.733
0,Random,15,0,26,91.8,mastery,15.062,87.987
0,Random,16,0,25,47.0,mastery,15.647,85.576
0,Random,17,0,16,177.8,mastery,15.667,90.7
0,Random,18,0,4,80.2,mastery,15.053,90.147
0,Random,19,0,7,92.6,mastery,14.65,90.27
0,Random,20,0,12,58.6,mastery,14.524,88.762
0,Random,21,0,7,104.6,mastery,14.182,89.482
0,Random,22,0,12,117.6,mastery,14.087,90.704
0,Random,23,0,8,79.4,mastery,13.833,90.233
0,Random,24,0,23,218.4,mastery,14.2,95.36
0,Random,25,0,30,108.0,timeout,14.808,95.846
0,Random,26,0,11,61.8,mastery,14.667,94.585
0,Random,27,0,13,81.4,mastery,14.607,94.114
0,Random,28,0,23,103.4,mastery,14.897,94.434
0,Random,29,0,12,83.6,mastery,14.8,94.073
0,Random,30,0,5,62.0,mastery,14.484,93.039
0,Random,31,0,30,102.0,timeout,14.969,93.319
0,Random,32,0,30,6.0,timeout,15.424,90.673
0,Random,33,0,14,67.2,mastery,15.382,89.982
0,Random,34,0,12,146.6,mastery,15.286,91.6
0,Random,35,0,4,64.2,mastery,14.972,90.839
0,Random,36,0,30,192.0,timeout,15.378,93.573
0,Random,37,0,14,58.2,mastery,15.342,92.642
0,Random,38,0,7,73.6,mastery,15.128,92.154
0,Random,39,0,12,114.6,mastery,15.05,92.715
0,Random,40,0,6,72.8,mastery,14.829,92.229
0,Random,41,0,18,56.4,mastery,14.905,91.376
0,Random,42,0,6,87.8,mastery,14.698,91.293
0,Random,43,0,30,144.0,timeout,15.045,92.491
0,Random,44,0,14,70.2,mastery,15.022,91.996
0,Random,45,0,6,63.8,mastery,14.826,91.383
0,Random,46,0,20,125.0,mastery,14.936,92.098
0,Random,47,0,21,132.8,mastery,15.062,92.946
0,Random,48,0,5,80.0,mastery,14.857,92.682
0,Random,49,1,9,76.2,mastery,14.74,92.352
0,SARSA,0,0,18,58.4,mastery,18.0,58.4
0,SARSA,1,0,20,126.0,mastery,19.0,92.2
0,SARSA,2,0,10,110.0,mastery,16.0,98.133
0,SARSA,3,0,6,94.8,mastery,13.5,97.3
0,SARSA,4,0,12,50.6,mastery,13.2,87.96
0,SARSA,5,0,13,96.4,mastery,13.167,89.367
0,SARSA,6,0,16,108.8,mastery,13.571,92.143
0,SARSA,7,0,16,84.8,mastery,13.875,91.225
0,SARSA,8,0,13,103.4,mastery,13.778,92.578
0,SARSA,9,0,6,63.8,mastery,13.0,89.7
0,SARSA,10,0,20,127.0,mastery,13.636,93.091
0,SARSA,11,0,6,77.8,mastery,13.0,91.817
0,SARSA,12,0,5,66.0,mastery,12.385,89.831
0,SARSA,13,0,10,67.0,mastery,12.214,88.2
0,SARSA,14,0,7,61.6,mastery,11.867,86.427
0,SARSA,15,0,6,75.8,mastery,11.5,85.762
0,SARSA,16,0,15,104.0,mastery,11.706,86.835
0,SARSA,17,0,15,51.0,mastery,11.889,84.844
0,SARSA,18,0,5,73.0,mastery,11.526,84.221
0,SARSA,19,0,5,73.0,mastery,11.2,83.66
0,SARSA,20,0,9,71.2,mastery,11.095,83.067
0,SARSA,21,0,17,57.6,mastery,11.364,81.909
0,SARSA,22,0,5,73.0,mastery,11.087,81.522
0,SARSA,23,0,30,46.0,timeout,11.875,80.042
0,SARSA,24,0,9,64.2,mastery,11.76,79.408
0,SARSA,25,0,5,73.0,mastery,11.5,79.162
0,SARSA,26,0,12,71.6,mastery,11.519,78.881
0,SARSA,27,0,6,77.8,mastery,11.321,78.843
0,SARSA,28,0,5,75.0,mastery,11.103,78.71
0,SARSA,29,0,6,70.8,mastery,10.933,78.447
0,SARSA,30,0,17,84.6,mastery,11.129,78.645
0,SARSA,31,0,12,72.6,mastery,11.156,78.456
0,SARSA,32,0,10,81.0,mastery,11.121,78.533
0,SARSA,33,0,6,77.8,mastery,10.971,78.512
0,SARSA,34,0,10,73.0,mastery,10.943,78.354
0,SARSA,35,0,5,73.0,mastery,10.778,78.206
0,SARSA,36,0,4,75.2,mastery,10.595,78.124
0,SARSA,37,0,12,68.6,mastery,10.632,77.874
0,SARSA,38,0,6,63.8,mastery,10.513,77.513
0,SARSA,39,0,5,73.0,mastery,10.375,77.4
0,SARSA,40,0,16,59.8,mastery,10.512,76.971
0,SARSA,41,0,10,73.0,mastery,10.5,76.876
0,SARSA,42,0,4,75.2,mastery,10.349,76.837
0,SARSA,43,0,10,69.0,mastery,10.341,76.659
0,SARSA,44,0,12,68.6,mastery,10.378,76.48
0,SARSA,45,0,4,75.2,mastery,10.239,76.452
0,SARSA,46,0,9,76.2,mastery,10.213,76.447
0,SARSA,47,0,12,73.6,mastery,10.25,76.387
0,SARSA,48,0,8,66.4,mastery,10.204,76.184
0,SARSA,49,1,9,71.2,mastery,10.18,76.084
1,Random,0,0,9,112.2,mastery,9.0,112.2
1,Random,1,0,30,-32.0,timeout,19.5,40.1
1,Random,2,0,9,69.2,mastery,16.0,49.8
1,Random,3,0,30,-3.0,timeout,19.5,36.6
1,Random,4,0,27,76.6,mastery,21.0,44.6
1,Random,5,0,19,73.2,mastery,20.667,49.367
1,Random,6,0,9,88.2,mastery,19.0,54.914
1,Random,7,0,11,119.8,mastery,18.0,63.025
1,Random,8,0,30,181.0,timeout,19.333,76.133
1,Random,9,0,13,72.4,mastery,18.7,75.76
1,Random,10,0,27,82.6,mastery,19.455,76.382
1,Random,11,0,6,70.8,mastery,18.333,75.917
1,Random,12,0,11,71.8,mastery,17.769,75.6
1,Random,13,0,14,67.2,mastery,17.5,75.0
1,Random,14,0,10,86.0,mastery,17.0,75.733
1,Random,15,0,21,94.8,mastery,17.25,76.925
1,Random,16,0,5,62.0,mastery,16.529,76.047
1,Random,17,0,30,173.0,timeout,17.278,81.433
1,Random,18,0,16,89.8,mastery,17.211,81.874
1,Random,19,0,8,71.4,mastery,16.75,81.35
1,Random,20,0,20,69.0,mastery,16.905,80.762
1,Random,21,0,11,52.8,mastery,16.636,79.491
1,Random,22,0,13,82.4,mastery,16.478,79.617
1,Random,23,0,25,163.0,mastery,16.833,83.092
1,Random,24,0,12,76.6,mastery,16.64,82.832
1,Random,25,0,16,83.8,mastery,16.615,82.869
1,Random,26,0,28,57.4,mastery,17.037,81.926
1,Random,27,0,5,85.0,mastery,16.607,82.036
1,Random,28,0,9,100.2,mastery,16.345,82.662
1,Random,29,0,20,66.0,mastery,16.467,82.107
1,Random,30,0,19,157.2,mastery,16.548,84.529
1,Random,31,0,11,65.8,mastery,16.375,83.944
1,Random,32,0,19,72.2,mastery,16.455,83.588
1,Random,33,0,9,100.2,mastery,16.235,84.076
1,Random,34,0,7,80.6,mastery,15.971,83.977
1,Random,35,0,16,62.8,mastery,15.972,83.389
1,Random,36,0,7,73.6,mastery,15.73,83.124
1,Random,37,0,30,22.0,timeout,16.105,81.516
1,Random,38,0,10,74.0,mastery,15.949,81.323
1,Random,39,0,17,130.6,mastery,15.975,82.555
1,Random,40,0,14,72.2,mastery,15.927,82.302
1,Random,41,0,22,141.6,mastery,16.071,83.714
1,Random,42,0,30,132.0,timeout,16.395,84.837
1,Random,43,0,13,115.4,mastery,16.318,85.532
1,Random,44,0,26,51.8,mastery,16.533,84.782
1,Random,45,0,27,77.6,mastery,16.761,84.626
1,Random,46,0,29,121.2,mastery,17.021,85.404
1,Random,47,0,12,129.6,mastery,16.917,86.325
1,Random,48,0,25,52.0,mastery,17.082,85.624
1,Random,49,1,23,66.4,mastery,17.2,85.24
1,SARSA,0,0,4,75.2,mastery,4.0,75.2
1,SARSA,1,0,8,66.4,mastery,6.0,70.8
1,SARSA,2,0,8,66.4,mastery,6.667,69.333
1,SARSA,3,0,4,75.2,mastery,6.0,70.8
1,SARSA,4,0,5,73.0,mastery,5.8,71.24
1,SARSA,5,0,18,88.4,mastery,7.833,74.1
1,SARSA,6,0,8,66.4,mastery,7.857,73.0
1,SARSA,7,0,8,66.4,mastery,7.875,72.175
1,SARSA,8,0,9,75.2,mastery,8.0,72.511
1,SARSA,9,0,6,70.8,mastery,7.8,72.34
1,SARSA,10,0,26,59.8,mastery,9.455,71.2
1,SARSA,11,0,4,75.2,mastery,9.0,71.533
1,SARSA,12,0,6,84.8,mastery,8.769,72.554
1,SARSA,13,0,6,70.8,mastery,8.571,72.429
1,SARSA,14,0,12,64.6,mastery,8.8,71.907
1,SARSA,15,0,12,68.6,mastery,9.0,71.7
1,SARSA,16,0,4,75.2,mastery,8.706,71.906
1,SARSA,17,0,9,71.2,mastery,8.722,71.867
1,SARSA,18,0,6,74.8,mastery,8.579,72.021
1,SARSA,19,0,8,66.4,mastery,8.55,71.74
1,SARSA,20,0,7,68.6,mastery,8.476,71.59
1,SARSA,21,0,8,73.4,mastery,8.455,71.673
1,SARSA,22,0,6,70.8,mastery,8.348,71.635
1,SARSA,23,0,7,68.6,mastery,8.292,71.508
1,SARSA,24,0,7,68.6,mastery,8.24,71.392
1,SARSA,25,0,11,73.8,mastery,8.346,71.485
1,SARSA,26,0,7,75.6,mastery,8.296,71.637
1,SARSA,27,0,9,78.2,mastery,8.321,71.871
1,SARSA,28,0,7,68.6,mastery,8.276,71.759
1,SARSA,29,0,7,68.6,mastery,8.233,71.653
1,SARSA,30,0,16,59.8,mastery,8.484,71.271
1,SARSA,31,0,5,73.0,mastery,8.375,71.325
1,SARSA,32,0,5,73.0,mastery,8.273,71.376
1,SARSA,33,0,10,62.0,mastery,8.324,71.1
1,SARSA,34,0,4,75.2,mastery,8.2,71.217
1,SARSA,35,0,9,71.2,mastery,8.222,71.217
1,SARSA,36,0,10,71.0,mastery,8.27,71.211
1,SARSA,37,0,6,72.8,mastery,8.211,71.253
1,SARSA,38,0,7,68.6,mastery,8.179,71.185
1,SARSA,39,0,8,73.4,mastery,8.175,71.24
1,SARSA,40,0,6,70.8,mastery,8.122,71.229
1,SARSA,41,0,7,68.6,mastery,8.095,71.167
1,SARSA,42,0,4,75.2,mastery,8.0,71.26
1,SARSA,43,0,6,77.8,mastery,7.955,71.409
1,SARSA,44,0,6,70.8,mastery,7.911,71.396
1,SARSA,45,0,16,80.8,mastery,8.087,71.6
1,SARSA,46,0,4,75.2,mastery,8.0,71.677
1,SARSA,47,0,5,73.0,mastery,7.938,71.704
1,SARSA,48,0,5,73.0,mastery,7.878,71.731
1,SARSA,49,1,4,75.2,mastery,7.8,71.8
2,Random,0,0,30,-3.0,timeout,30.0,-3.0
2,Random,1,0,5,71.0,mastery,17.5,34.0
2,Random,2,0,9,88.2,mastery,14.667,52.067
2,Random,3,0,17,88.6,mastery,15.25,61.2
2,Random,4,0,7,68.6,mastery,13.6,62.68
2,Random,5,0,6,70.8,mastery,12.333,64.033
2,Random,6,0,8,78.4,mastery,11.714,66.086
2,Random,7,0,15,58.0,mastery,12.125,65.075
2,Random,8,0,25,50.0,mastery,13.556,63.4
2,Random,9,0,14,117.2,mastery,13.6,68.78
2,Random,10,0,13,60.4,mastery,13.545,68.018
2,Random,11,0,30,105.0,timeout,14.917,71.1
2,Random,12,0,10,81.0,mastery,14.538,71.862
2,Random,13,0,28,163.4,mastery,15.5,78.4
2,Random,14,0,30,41.0,timeout,16.467,75.907
2,Random,15,0,8,95.4,mastery,15.938,77.125
2,Random,16,0,28,120.4,mastery,16.647,79.671
2,Random,17,0,6,68.8,mastery,16.056,79.067
2,Random,18,0,14,142.2,mastery,15.947,82.389
2,Random,19,0,30,-22.0,timeout,16.65,77.17
2,Random,20,0,12,85.6,mastery,16.429,77.571
2,Random,21,0,6,70.8,mastery,15.955,77.264
2,Random,22,0,30,98.0,timeout,16.565,78.165
2,Random,23,0,12,88.6,mastery,16.375,78.6
2,Random,24,0,9,71.2,mastery,16.08,78.304
2,Random,25,0,30,3.0,timeout,16.615,75.408
2,Random,26,0,11,102.8,mastery,16.407,76.422
2,Random,27,0,13,51.4,mastery,16.286,75.529
2,Random,28,0,30,38.0,timeout,16.759,74.234
2,Random,29,0,6,59.8,mastery,16.4,73.753
2,Random,30,0,28,226.4,mastery,16.774,78.677
2,Random,31,0,8,66.4,mastery,16.5,78.294
2,Random,32,0,24,201.2,mastery,16.727,82.018
2,Random,33,0,19,79.2,mastery,16.794,81.935
2,Random,34,0,30,106.0,timeout,17.171,82.623
2,Random,35,0,30,-15.0,timeout,17.528,79.911
2,Random,36,0,21,60.8,mastery,17.622,79.395
2,Random,37,0,5,66.0,mastery,17.289,79.042
2,Random,38,0,8,78.4,mastery,17.051,79.026
2,Random,39,0,6,59.8,mastery,16.775,78.545
2,Random,40,0,6,75.8,mastery,16.512,78.478
2,Random,41,0,16,103.8,mastery,16.5,79.081
2,Random,42,0,18,96.4,mastery,16.535,79.484
2,Random,43,0,9,112.2,mastery,16.364,80.227
2,Random,44,0,12,57.6,mastery,16.267,79.724
2,Random,45,0,12,74.6,mastery,16.174,79.613
2,Random,46,0,4,75.2,mastery,15.915,79.519
2,Random,47,0,22,63.6,mastery,16.042,79.188
2,Random,48,0,9,81.2,mastery,15.898,79.229
2,Random,49,1,8,83.4,mastery,15.74,79.312
2,SARSA,0,0,6,70.8,mastery,6.0,70.8
2,SARSA,1,0,6,70.8,mastery,6.0,70.8
2,SARSA,2,0,8,66.4,mastery,6.667,69.333
2,SARSA,3,0,30,78.0,timeout,12.5,71.5
2,SARSA,4,0,30,124.0,timeout,16.0,82.0
2,SARSA,5,0,30,119.0,timeout,18.333,88.167
2,SARSA,6,0,30,138.0,timeout,20.0,95.286
2,SARSA,7,0,30,116.0,timeout,21.25,97.875
2,SARSA,8,0,30,130.0,timeout,22.222,101.444
2,SARSA,9,0,30,137.0,timeout,23.0,105.0
2,SARSA,10,0,30,137.0,timeout,23.636,107.909
2,SARSA,11,0,30,130.0,timeout,24.167,109.75
2,SARSA,12,0,30,135.0,timeout,24.615,111.692
2,SARSA,13,0,30,116.0,timeout,25.0,112.0
2,SARSA,14,0,5,78.0,mastery,23.667,109.733
2,SARSA,15,0,10,91.0,mastery,22.812,108.562
2,SARSA,16,0,13,84.4,mastery,22.235,107.141
2,SARSA,17,0,10,79.0,mastery,21.556,105.578
2,SARSA,18,0,30,123.0,timeout,22.0,106.495
2,SARSA,19,0,22,155.6,mastery,22.0,108.95
2,SARSA,20,0,30,130.0,timeout,22.381,109.952
2,SARSA,21,0,30,115.0,timeout,22.727,110.182
2,SARSA,22,0,30,123.0,timeout,23.043,110.739
2,SARSA,23,0,30,137.0,timeout,23.333,111.833
2,SARSA,24,0,30,132.0,timeout,23.6,112.64
2,SARSA,25,0,30,137.0,timeout,23.846,113.577
2,SARSA,26,0,30,137.0,timeout,24.074,114.444
2,SARSA,27,0,30,130.0,timeout,24.286,115.0
2,SARSA,28,0,6,70.8,mastery,23.655,113.476
2,SARSA,29,0,9,83.2,mastery,23.167,112.467
2,SARSA,30,0,8,66.4,mastery,22.677,110.981
2,SARSA,31,0,9,78.2,mastery,22.25,109.956
2,SARSA,32,0,13,66.4,mastery,21.97,108.636
2,SARSA,33,0,7,68.6,mastery,21.529,107.459
2,SARSA,34,0,4,75.2,mastery,21.029,106.537
2,SARSA,35,0,5,73.0,mastery,20.583,105.606
2,SARSA,36,0,9,64.2,mastery,20.27,104.486
2,SARSA,37,0,7,70.6,mastery,19.921,103.595
2,SARSA,38,0,7,68.6,mastery,19.59,102.697
2,SARSA,39,0,6,70.8,mastery,19.25,101.9
2,SARSA,40,0,6,70.8,mastery,18.927,101.141
2,SARSA,41,0,21,52.8,mastery,18.976,99.99
2,SARSA,42,0,25,66.0,mastery,19.116,99.2
2,SARSA,43,0,6,70.8,mastery,18.818,98.555
2,SARSA,44,0,6,70.8,mastery,18.533,97.938
2,SARSA,45,0,30,91.0,timeout,18.783,97.787
2,SARSA,46,0,30,58.0,timeout,19.021,96.94
2,SARSA,47,0,30,53.0,timeout,19.25,96.025
2,SARSA,48,0,30,137.0,timeout,19.469,96.861
2,SARSA,49,1,30,137.0,timeout,19.68,97.664
3,Random,0,0,7,104.6,mastery,7.0,104.6
3,Random,1,0,15,70.0,mastery,11.0,87.3
3,Random,2,0,11,84.8,mastery,11.0,86.467
3,Random,3,0,6,59.8,mastery,9.75,79.8
3,Random,4,0,26,85.8,mastery,13.0,81.0
3,Random,5,0,10,110.0,mastery,12.5,85.833
3,Random,6,0,3,59.4,mastery,11.143,82.057
3,Random,7,0,17,124.6,mastery,11.875,87.375
3,Random,8,0,10,93.0,mastery,11.667,88.0
3,Random,9,0,13,70.4,mastery,11.8,86.24
3,Random,10,0,11,102.8,mastery,11.727,87.745
3,Random,11,0,8,78.4,mastery,11.417,86.967
3,Random,12,0,5,78.0,mastery,10.923,86.277
3,Random,13,0,6,77.8,mastery,10.571,85.671
3,Random,14,0,21,193.8,mastery,11.267,92.88
3,Random,15,0,11,85.8,mastery,11.25,92.437
3,Random,16,0,25,73.0,mastery,12.059,91.294
3,Random,17,0,13,83.4,mastery,12.111,90.856
3,Random,18,0,9,64.2,mastery,11.947,89.453
3,Random,19,0,21,96.8,mastery,12.4,89.82
3,Random,20,0,9,95.2,mastery,12.238,90.076
3,Random,21,0,10,76.0,mastery,12.136,89.436
3,Random,22,0,11,114.8,mastery,12.087,90.539
3,Random,23,0,4,57.2,mastery,11.75,89.15
3,Random,24,0,19,57.2,mastery,12.04,87.872
3,Random,25,0,6,82.8,mastery,11.808,87.677
3,Random,26,0,19,68.2,mastery,12.074,86.956
3,Random,27,0,19,49.2,mastery,12.321,85.607
3,Random,28,0,17,77.6,mastery,12.483,85.331
3,Random,29,0,20,87.0,mastery,12.733,85.387
3,Random,30,0,15,86.0,mastery,12.806,85.406
3,Random,31,0,8,66.4,mastery,12.656,84.812
3,Random,32,0,15,110.0,mastery,12.727,85.576
3,Random,33,0,5,86.0,mastery,12.5,85.588
3,Random,34,0,30,130.0,timeout,13.0,86.857
3,Random,35,0,25,59.0,mastery,13.333,86.083
3,Random,36,0,19,61.2,mastery,13.486,85.411
3,Random,37,0,11,66.8,mastery,13.421,84.921
3,Random,38,0,30,-17.0,timeout,13.846,82.308
3,Random,39,0,17,106.6,mastery,13.925,82.915
3,Random,40,0,20,89.0,mastery,14.073,83.063
3,Random,41,0,10,115.0,mastery,13.976,83.824
3,Random,42,0,30,10.0,timeout,14.349,82.107
3,Random,43,0,20,92.0,mastery,14.477,82.332
3,Random,44,0,5,74.0,mastery,14.267,82.147
3,Random,45,0,12,73.6,mastery,14.217,81.961
3,Random,46,0,15,102.0,mastery,14.234,82.387
3,Random,47,0,13,107.4,mastery,14.208,82.908
3,Random,48,0,23,47.4,mastery,14.388,82.184
3,Random,49,1,19,99.2,mastery,14.48,82.524
3,SARSA,0,0,30,130.0,timeout,30.0,130.0
3,SARSA,1,0,30,137.0,timeout,30.0,133.5
3,SARSA,2,0,30,137.0,timeout,30.0,134.667
3,SARSA,3,0,30,142.0,timeout,30.0,136.5
3,SARSA,4,0,30,114.0,timeout,30.0,132.0
3,SARSA,5,0,30,137.0,timeout,30.0,132.833
3,SARSA,6,0,30,137.0,timeout,30.0,133.429
3,SARSA,7,0,30,137.0,timeout,30.0,133.875
3,SARSA,8,0,30,137.0,timeout,30.0,134.222
3,SARSA,9,0,30,137.0,timeout,30.0,134.5
3,SARSA,10,0,30,137.0,timeout,30.0,134.727
3,SARSA,11,0,30,137.0,timeout,30.0,134.917
3,SARSA,12,0,30,135.0,timeout,30.0,134.923
3,SARSA,13,0,30,86.0,timeout,30.0,131.429
3,SARSA,14,0,13,81.4,mastery,28.867,128.093
3,SARSA,15,0,10,76.0,mastery,27.688,124.838
3,SARSA,16,0,6,70.8,mastery,26.412,121.659
3,SARSA,17,0,6,74.8,mastery,25.278,119.056
3,SARSA,18,0,12,68.6,mastery,24.579,116.4
3,SARSA,19,0,9,80.2,mastery,23.8,114.59
3,SARSA,20,0,11,80.8,mastery,23.19,112.981
3,SARSA,21,0,10,73.0,mastery,22.591,111.164
3,SARSA,22,0,5,80.0,mastery,21.826,109.809
3,SARSA,23,0,9,75.2,mastery,21.292,108.367
3,SARSA,24,0,5,73.0,mastery,20.64,106.952
3,SARSA,25,0,6,70.8,mastery,20.077,105.562
3,SARSA,26,0,8,73.4,mastery,19.63,104.37
3,SARSA,27,0,5,73.0,mastery,19.107,103.25
3,SARSA,28,0,7,75.6,mastery,18.69,102.297
3,SARSA,29,0,7,72.6,mastery,18.3,101.307
3,SARSA,30,0,9,75.2,mastery,18.0,100.465
3,SARSA,31,0,5,73.0,mastery,17.594,99.606
3,SARSA,32,0,30,58.0,timeout,17.97,98.345
3,SARSA,33,0,5,73.0,mastery,17.588,97.6
3,SARSA,34,0,7,77.6,mastery,17.286,97.029
3,SARSA,35,0,30,95.0,timeout,17.639,96.972
3,SARSA,36,0,4,75.2,mastery,17.27,96.384
3,SARSA,37,0,12,75.6,mastery,17.132,95.837
3,SARSA,38,0,9,71.2,mastery,16.923,95.205
3,SARSA,39,0,4,75.2,mastery,16.6,94.705
3,SARSA,40,0,5,75.0,mastery,16.317,94.224
3,SARSA,41,0,10,73.0,mastery,16.167,93.719
3,SARSA,42,0,8,66.4,mastery,15.977,93.084
3,SARSA,43,0,5,73.0,mastery,15.727,92.627
3,SARSA,44,0,7,68.6,mastery,15.533,92.093
3,SARSA,45,0,8,73.4,mastery,15.37,91.687
3,SARSA,46,0,7,75.6,mastery,15.191,91.345
3,SARSA,47,0,5,73.0,mastery,14.979,90.962
3,SARSA,48,0,4,75.2,mastery,14.755,90.641
3,SARSA,49,1,6,70.8,mastery,14.58,90.244
4,Random,0,0,8,59.4,mastery,8.0,59.4
4,Random,1,0,4,57.2,mastery,6.0,58.3
4,Random,2,0,10,74.0,mastery,7.333,63.533
4,Random,3,0,4,75.2,mastery,6.5,66.45
4,Random,4,0,12,70.6,mastery,7.6,67.28
4,Random,5,0,6,77.8,mastery,7.333,69.033
4,Random,6,0,16,67.8,mastery,8.571,68.857
4,Random,7,0,9,105.2,mastery,8.625,73.4
4,Random,8,0,18,70.4,mastery,9.667,73.067
4,Random,9,0,20,180.0,mastery,10.7,83.76
4,Random,10,0,16,136.8,mastery,11.182,88.582
4,Random,11,0,21,125.8,mastery,12.0,91.683
4,Random,12,0,5,67.0,mastery,11.462,89.785
4,Random,13,0,30,-8.0,timeout,12.786,82.8
4,Random,14,0,8,78.4,mastery,12.467,82.507
4,Random,15,0,22,70.6,mastery,13.062,81.763
4,Random,16,0,27,109.6,mastery,13.882,83.4
4,Random,17,0,7,97.6,mastery,13.5,84.189
4,Random,18,0,26,230.8,mastery,14.158,91.905
4,Random,19,0,19,67.2,mastery,14.4,90.67
4,Random,20,0,7,99.6,mastery,14.048,91.095
4,Random,21,0,17,129.6,mastery,14.182,92.845
4,Random,22,0,12,50.6,mastery,14.087,91.009
4,Random,23,0,15,58.0,mastery,14.125,89.633
4,Random,24,0,10,83.0,mastery,13.96,89.368
4,Random,25,0,11,88.8,mastery,13.846,89.346
4,Random,26,0,30,108.0,mastery,14.444,90.037
4,Random,27,0,12,83.6,mastery,14.357,89.807
4,Random,28,0,14,72.2,mastery,14.345,89.2
4,Random,29,0,8,66.4,mastery,14.133,88.44
4,Random,30,0,19,113.2,mastery,14.29,89.239
4,Random,31,0,30,193.0,timeout,14.781,92.481
4,Random,32,0,30,85.0,timeout,15.242,92.255
4,Random,33,0,7,74.6,mastery,15.0,91.735
4,Random,34,0,11,61.8,mastery,14.886,90.88
4,Random,35,0,18,167.4,mastery,14.972,93.006
4,Random,36,0,30,75.0,timeout,15.378,92.519
4,Random,37,0,30,76.0,timeout,15.763,92.084
4,Random,38,0,22,94.6,mastery,15.923,92.149
4,Random,39,0,15,102.0,mastery,15.9,92.395
4,Random,40,0,10,122.0,mastery,15.756,93.117
4,Random,41,0,22,111.6,mastery,15.905,93.557
4,Random,42,0,15,62.0,mastery,15.884,92.823
4,Random,43,0,23,125.4,mastery,16.045,93.564
4,Random,44,0,15,80.0,mastery,16.022,93.262
4,Random,45,0,10,127.0,mastery,15.891,93.996
4,Random,46,0,13,115.4,mastery,15.83,94.451
4,Random,47,0,17,65.6,mastery,15.854,93.85
4,Random,48,0,11,95.8,mastery,15.755,93.89
4,Random,49,1,6,71.8,mastery,15.56,93.448
4,SARSA,0,0,8,68.4,mastery,8.0,68.4
4,SARSA,1,0,10,69.0,mastery,9.0,68.7
4,SARSA,2,0,5,73.0,mastery,7.667,70.133
4,SARSA,3,0,8,66.4,mastery,7.75,69.2
4,SARSA,4,0,5,80.0,mastery,7.2,71.36
4,SARSA,5,0,13,66.4,mastery,8.167,70.533
4,SARSA,6,0,7,68.6,mastery,8.0,70.257
4,SARSA,7,0,5,73.0,mastery,7.625,70.6
4,SARSA,8,0,11,59.8,mastery,8.0,69.4
4,SARSA,9,0,5,73.0,mastery,7.7,69.76
4,SARSA,10,0,7,77.6,mastery,7.636,70.473
4,SARSA,11,0,5,73.0,mastery,7.417,70.683
4,SARSA,12,0,7,68.6,mastery,7.385,70.523
4,SARSA,13,0,9,64.2,mastery,7.5,70.071
4,SARSA,14,0,9,64.2,mastery,7.6,69.68
4,SARSA,15,0,5,73.0,mastery,7.438,69.888
4,SARSA,16,0,4,75.2,mastery,7.235,70.2
4,SARSA,17,0,6,77.8,mastery,7.167,70.622
4,SARSA,18,0,6,70.8,mastery,7.105,70.632
4,SARSA,19,0,17,78.6,mastery,7.6,71.03
4,SARSA,20,0,30,130.0,timeout,8.667,73.838
4,SARSA,21,0,5,73.0,mastery,8.5,73.8
4,SARSA,22,0,4,75.2,mastery,8.304,73.861
4,SARSA,23,0,5,73.0,mastery,8.167,73.825
4,SARSA,24,0,6,72.8,mastery,8.08,73.784
4,SARSA,25,0,4,75.2,mastery,7.923,73.838
4,SARSA,26,0,4,75.2,mastery,7.778,73.889
4,SARSA,27,0,6,70.8,mastery,7.714,73.779
4,SARSA,28,0,5,73.0,mastery,7.621,73.752
4,SARSA,29,0,11,66.8,mastery,7.733,73.52
4,SARSA,30,0,10,73.0,mastery,7.806,73.503
4,SARSA,31,0,8,80.4,mastery,7.812,73.719
4,SARSA,32,0,21,51.8,mastery,8.212,73.055
4,SARSA,33,0,7,68.6,mastery,8.176,72.924
4,SARSA,34,0,5,73.0,mastery,8.086,72.926
4,SARSA,35,0,7,70.6,mastery,8.056,72.861
4,SARSA,36,0,4,75.2,mastery,7.946,72.924
4,SARSA,37,0,12,75.6,mastery,8.053,72.995
4,SARSA,38,0,7,70.6,mastery,8.026,72.933
4,SARSA,39,0,5,75.0,mastery,7.95,72.985
4,SARSA,40,0,8,66.4,mastery,7.951,72.824
4,SARSA,41,0,8,66.4,mastery,7.952,72.671
4,SARSA,42,0,6,72.8,mastery,7.907,72.674
4,SARSA,43,0,11,70.8,mastery,7.977,72.632
4,SARSA,44,0,8,66.4,mastery,7.978,72.493
4,SARSA,45,0,7,75.6,mastery,7.957,72.561
4,SARSA,46,0,8,73.4,mastery,7.957,72.579
4,SARSA,47,0,4,75.2,mastery,7.875,72.633
4,SARSA,48,0,4,75.2,mastery,7.796,72.686
4,SARSA,49,1,6,70.8,mastery,7.76,72.648
5,Random,0,0,14,91.2,mastery,14.0,91.2
5,Random,1,0,13,72.4,mastery,13.5,81.8
5,Random,2,0,9,88.2,mastery,12.0,83.933
5,Random,3,0,11,52.8,mastery,11.75,76.15
5,Random,4,0,14,84.2,mastery,12.2,77.76
5,Random,5,0,6,82.8,mastery,11.167,78.6
5,Random,6,0,6,72.8,mastery,10.429,77.771
5,Random,7,0,18,135.4,mastery,11.375,84.975
5,Random,8,0,17,67.6,mastery,12.0,83.044
5,Random,9,0,13,67.4,mastery,12.1,81.48
5,Random,10,0,12,64.6,mastery,12.091,79.945
5,Random,11,0,15,75.0,mastery,12.333,79.533
5,Random,12,0,30,-3.0,timeout,13.692,73.185
5,Random,13,0,30,11.0,timeout,14.857,68.743
5,Random,14,0,6,70.8,mastery,14.267,68.88
5,Random,15,0,8,59.4,mastery,13.875,68.288
5,Random,16,0,8,78.4,mastery,13.529,68.882
5,Random,17,0,7,62.6,mastery,13.167,68.533
5,Random,18,0,30,-38.0,timeout,14.053,62.926
5,Random,19,0,12,121.6,mastery,13.95,65.86
5,Random,20,0,19,131.2,mastery,14.19,68.971
5,Random,21,0,20,163.0,mastery,14.455,73.245
5,Random,22,0,24,98.2,mastery,14.87,74.33
5,Random,23,0,17,79.6,mastery,14.958,74.55
5,Random,24,0,10,88.0,mastery,14.76,75.088
5,Random,25,0,30,147.0,timeout,15.346,77.854
5,Random,26,0,30,20.0,timeout,15.889,75.711
5,Random,27,0,6,64.8,mastery,15.536,75.321
5,Random,28,0,16,62.8,mastery,15.552,74.89
5,Random,29,0,24,94.2,mastery,15.833,75.533
5,Random,30,0,7,75.6,mastery,15.548,75.535
5,Random,31,0,8,78.4,mastery,15.312,75.625
5,Random,32,0,11,135.8,mastery,15.182,77.448
5,Random,33,0,21,162.8,mastery,15.353,79.959
5,Random,34,0,30,5.0,timeout,15.771,77.817
5,Random,35,0,16,119.8,mastery,15.778,78.983
5,Random,36,0,28,224.4,mastery,16.108,82.914
5,Random,37,0,15,58.0,mastery,16.079,82.258
5,Random,38,0,12,156.6,mastery,15.974,84.164
5,Random,39,0,30,6.0,timeout,16.325,82.21
5,Random,40,0,10,83.0,mastery,16.171,82.229
5,Random,41,0,16,67.8,mastery,16.167,81.886
5,Random,42,0,4,64.2,mastery,15.884,81.474
5,Random,43,0,10,98.0,mastery,15.75,81.85
5,Random,44,0,16,83.8,mastery,15.756,81.893
5,Random,45,0,23,190.4,mastery,15.913,84.252
5,Random,46,0,12,121.6,mastery,15.83,85.047
5,Random,47,0,19,80.2,mastery,15.896,84.946
5,Random,48,0,11,66.8,mastery,15.796,84.576
5,Random,49,1,5,90.0,mastery,15.58,84.684
5,SARSA,0,0,14,64.2,mastery,14.0,64.2
5,SARSA,1,0,4,75.2,mastery,9.0,69.7
5,SARSA,2,0,4,75.2,mastery,7.333,71.533
5,SARSA,3,0,11,66.8,mastery,8.25,70.35
5,SARSA,4,0,9,64.2,mastery,8.4,69.12
5,SARSA,5,0,9,75.2,mastery,8.5,70.133
5,SARSA,6,0,30,97.0,timeout,11.571,73.971
5,SARSA,7,0,30,96.0,timeout,13.875,76.725
5,SARSA,8,0,6,70.8,mastery,13.0,76.067
5,SARSA,9,0,4,75.2,mastery,12.1,75.98
5,SARSA,10,0,7,68.6,mastery,11.636,75.309
5,SARSA,11,0,10,62.0,mastery,11.5,74.2
5,SARSA,12,0,4,75.2,mastery,10.923,74.277
5,SARSA,13,0,4,75.2,mastery,10.429,74.343
5,SARSA,14,0,8,73.4,mastery,10.267,74.28
5,SARSA,15,0,9,75.2,mastery,10.188,74.338
5,SARSA,16,0,30,111.0,timeout,11.353,76.494
5,SARSA,17,0,12,68.6,mastery,11.389,76.056
5,SARSA,18,0,5,80.0,mastery,11.053,76.263
5,SARSA,19,0,30,95.0,timeout,12.0,77.2
5,SARSA,20,0,9,64.2,mastery,11.857,76.581
5,SARSA,21,0,11,70.8,mastery,11.818,76.318
5,SARSA,22,0,10,73.0,mastery,11.739,76.174
5,SARSA,23,0,5,73.0,mastery,11.458,76.042
5,SARSA,24,0,4,75.2,mastery,11.16,76.008
5,SARSA,25,0,4,75.2,mastery,10.885,75.977
5,SARSA,26,0,12,68.6,mastery,10.926,75.704
5,SARSA,27,0,5,75.0,mastery,10.714,75.679
5,SARSA,28,0,12,82.6,mastery,10.759,75.917
5,SARSA,29,0,4,75.2,mastery,10.533,75.893
5,SARSA,30,0,9,64.2,mastery,10.484,75.516
5,SARSA,31,0,7,68.6,mastery,10.375,75.3
5,SARSA,32,0,6,70.8,mastery,10.242,75.164
5,SARSA,33,0,12,68.6,mastery,10.294,74.971
5,SARSA,34,0,5,73.0,mastery,10.143,74.914
5,SARSA,35,0,6,72.8,mastery,10.028,74.856
5,SARSA,36,0,10,62.0,mastery,10.027,74.508
5,SARSA,37,0,6,70.8,mastery,9.921,74.411
5,SARSA,38,0,9,73.2,mastery,9.897,74.379
5,SARSA,39,0,5,73.0,mastery,9.775,74.345
5,SARSA,40,0,6,70.8,mastery,9.683,74.259
5,SARSA,41,0,8,73.4,mastery,9.643,74.238
5,SARSA,42,0,9,66.2,mastery,9.628,74.051
5,SARSA,43,0,6,79.8,mastery,9.545,74.182
5,SARSA,44,0,10,62.0,mastery,9.556,73.911
5,SARSA,45,0,5,73.0,mastery,9.457,73.891
5,SARSA,46,0,5,73.0,mastery,9.362,73.872
5,SARSA,47,0,6,70.8,mastery,9.292,73.808
5,SARSA,48,0,6,70.8,mastery,9.224,73.747
5,SARSA,49,1,6,72.8,mastery,9.16,73.728
6,Random,0,0,15,122.0,mastery,15.0,122.0
6,Random,1,0,14,87.2,mastery,14.5,104.6
6,Random,2,0,30,56.0,timeout,19.667,88.4
6,Random,3,0,13,62.4,mastery,18.0,81.9
6,Random,4,0,6,99.8,mastery,15.6,85.48
6,Random,5,0,8,87.4,mastery,14.333,85.8
6,Random,6,0,23,71.4,mastery,15.571,83.743
6,Random,7,0,17,81.6,mastery,15.75,83.475
6,Random,8,0,24,159.2,mastery,16.667,91.889
6,Random,9,0,17,67.6,mastery,16.7,89.46
6,Random,10,0,6,63.8,mastery,15.727,87.127
6,Random,11,0,6,87.8,mastery,14.917,87.183
6,Random,12,0,16,67.8,mastery,15.0,85.692
6,Random,13,0,30,-6.0,timeout,16.071,79.143
6,Random,14,0,8,83.4,mastery,15.533,79.427
6,Random,15,0,5,62.0,mastery,14.875,78.337
6,Random,16,0,7,68.6,mastery,14.412,77.765
6,Random,17,0,10,86.0,mastery,14.167,78.222
6,Random,18,0,6,95.8,mastery,13.737,79.147
6,Random,19,0,12,78.6,mastery,13.65,79.12
6,Random,20,0,29,97.2,mastery,14.381,79.981
6,Random,21,0,30,-10.0,timeout,15.091,75.891
6,Random,22,0,16,89.8,mastery,15.13,76.496
6,Random,23,0,29,202.2,mastery,15.708,81.733
6,Random,24,0,18,89.4,mastery,15.8,82.04
6,Random,25,0,18,67.4,mastery,15.885,81.477
6,Random,26,0,21,174.8,mastery,16.074,84.933
6,Random,27,0,11,106.8,mastery,15.893,85.714
6,Random,28,0,13,126.4,mastery,15.793,87.117
6,Random,29,0,8,68.4,mastery,15.533,86.493
6,Random,30,0,3,66.4,mastery,15.129,85.845
6,Random,31,0,7,68.6,mastery,14.875,85.306
6,Random,32,0,6,59.8,mastery,14.606,84.533
6,Random,33,0,9,53.2,mastery,14.441,83.612
6,Random,34,0,18,107.4,mastery,14.543,84.291
6,Random,35,0,4,69.2,mastery,14.25,83.872
6,Random,36,0,15,103.0,mastery,14.27,84.389
6,Random,37,0,4,68.2,mastery,14.0,83.963
6,Random,38,0,22,86.6,mastery,14.205,84.031
6,Random,39,0,8,78.4,mastery,14.05,83.89
6,Random,40,0,30,1.0,timeout,14.439,81.868
6,Random,41,0,14,96.2,mastery,14.429,82.21
6,Random,42,0,23,188.4,mastery,14.628,84.679
6,Random,43,0,7,69.6,mastery,14.455,84.336
6,Random,44,0,14,91.2,mastery,14.444,84.489
6,Random,45,0,11,59.8,mastery,14.37,83.952
6,Random,46,0,30,4.0,timeout,14.702,82.251
6,Random,47,0,18,164.4,mastery,14.771,83.962
6,Random,48,0,23,45.4,mastery,14.939,83.176
6,Random,49,1,30,106.0,mastery,15.24,83.632
6,SARSA,0,0,6,70.8,mastery,6.0,70.8
6,SARSA,1,0,13,66.4,mastery,9.5,68.6
6,SARSA,2,0,8,66.4,mastery,9.0,67.867
6,SARSA,3,0,9,83.2,mastery,9.0,71.7
6,SARSA,4,0,5,73.0,mastery,8.2,71.96
6,SARSA,5,0,6,70.8,mastery,7.833,71.767
6,SARSA,6,0,6,70.8,mastery,7.571,71.629
6,SARSA,7,0,7,72.6,mastery,7.5,71.75
6,SARSA,8,0,11,70.8,mastery,7.889,71.644
6,SARSA,9,0,11,70.8,mastery,8.2,71.56
6,SARSA,10,0,5,73.0,mastery,7.909,71.691
6,SARSA,11,0,11,70.8,mastery,8.167,71.617
6,SARSA,12,0,8,73.4,mastery,8.154,71.754
6,SARSA,13,0,8,73.4,mastery,8.143,71.871
6,SARSA,14,0,6,77.8,mastery,8.0,72.267
6,SARSA,15,0,4,75.2,mastery,7.75,72.45
6,SARSA,16,0,8,66.4,mastery,7.765,72.094
6,SARSA,17,0,4,75.2,mastery,7.556,72.267
6,SARSA,18,0,9,66.2,mastery,7.632,71.947
6,SARSA,19,0,10,76.0,mastery,7.75,72.15
6,SARSA,20,0,13,80.4,mastery,8.0,72.543
6,SARSA,21,0,8,75.4,mastery,8.0,72.673
6,SARSA,22,0,6,72.8,mastery,7.913,72.678
6,SARSA,23,0,30,88.0,timeout,8.833,73.317
6,SARSA,24,0,30,130.0,timeout,9.68,75.584
6,SARSA,25,0,5,73.0,mastery,9.5,75.485
6,SARSA,26,0,8,66.4,mastery,9.444,75.148
6,SARSA,27,0,8,66.4,mastery,9.393,74.836
6,SARSA,28,0,9,71.2,mastery,9.379,74.71
6,SARSA,29,0,24,173.2,mastery,9.867,77.993
6,SARSA,30,0,4,75.2,mastery,9.677,77.903
6,SARSA,31,0,8,66.4,mastery,9.625,77.544
6,SARSA,32,0,12,70.6,mastery,9.697,77.333
6,SARSA,33,0,11,70.8,mastery,9.735,77.141
6,SARSA,34,0,6,70.8,mastery,9.629,76.96
6,SARSA,35,0,6,70.8,mastery,9.528,76.789
6,SARSA,36,0,4,75.2,mastery,9.378,76.746
6,SARSA,37,0,7,68.6,mastery,9.316,76.532
6,SARSA,38,0,13,66.4,mastery,9.41,76.272
6,SARSA,39,0,12,57.6,mastery,9.475,75.805
6,SARSA,40,0,9,64.2,mastery,9.463,75.522
6,SARSA,41,0,8,73.4,mastery,9.429,75.471
6,SARSA,42,0,4,75.2,mastery,9.302,75.465
6,SARSA,43,0,5,73.0,mastery,9.205,75.409
6,SARSA,44,0,11,59.8,mastery,9.244,75.062
6,SARSA,45,0,10,69.0,mastery,9.261,74.93
6,SARSA,46,0,17,64.6,mastery,9.426,74.711
6,SARSA,47,0,5,80.0,mastery,9.333,74.821
6,SARSA,48,0,5,73.0,mastery,9.245,74.784
6,SARSA,49,1,9,78.2,mastery,9.24,74.852
7,Random,0,0,8,95.4,mastery,8.0,95.4
7,Random,1,0,11,71.8,mastery,9.5,83.6
7,Random,2,0,12,105.6,mastery,10.333,90.933
7,Random,3,0,24,103.2,mastery,13.75,94.0
7,Random,4,0,15,88.0,mastery,14.0,92.8
7,Random,5,0,11,73.8,mastery,13.5,89.633
7,Random,6,0,12,110.6,mastery,13.286,92.629
7,Random,7,0,12,86.6,mastery,13.125,91.875
7,Random,8,0,20,192.0,mastery,13.889,103.0
7,Random,9,0,11,88.8,mastery,13.6,101.58
7,Random,10,0,6,82.8,mastery,12.909,99.873
7,Random,11,0,12,46.6,mastery,12.833,95.433
7,Random,12,0,12,133.6,mastery,12.769,98.369
7,Random,13,0,11,135.8,mastery,12.643,101.043
7,Random,14,0,8,102.4,mastery,12.333,101.133
7,Random,15,0,7,75.6,mastery,12.0,99.537
7,Random,16,0,16,67.8,mastery,12.235,97.671
7,Random,17,0,10,93.0,mastery,12.111,97.411
7,Random,18,0,10,74.0,mastery,12.0,96.179
7,Random,19,0,25,97.0,mastery,12.65,96.22
7,Random,20,0,20,65.0,mastery,13.0,94.733
7,Random,21,0,30,76.0,timeout,13.773,93.882
7,Random,22,0,17,89.6,mastery,13.913,93.696
7,Random,23,0,16,153.8,mastery,14.0,96.2
7,Random,24,0,12,92.6,mastery,13.92,96.056
7,Random,25,0,5,78.0,mastery,13.577,95.362
7,Random,26,0,30,42.0,timeout,14.185,93.385
7,Random,27,0,30,-23.0,timeout,14.75,89.229
7,Random,28,0,16,89.8,mastery,14.793,89.248
7,Random,29,0,6,59.8,mastery,14.5,88.267
7,Random,30,0,9,78.2,mastery,14.323,87.942
7,Random,31,0,18,81.4,mastery,14.438,87.737
7,Random,32,0,15,100.0,mastery,14.455,88.109
7,Random,33,0,11,73.8,mastery,14.353,87.688
7,Random,34,0,16,167.8,mastery,14.4,89.977
7,Random,35,0,30,103.0,timeout,14.833,90.339
7,Random,36,0,17,48.6,mastery,14.892,89.211
7,Random,37,0,22,142.6,mastery,15.079,90.616
7,Random,38,0,19,70.2,mastery,15.179,90.092
7,Random,39,0,7,68.6,mastery,14.975,89.555
7,Random,40,0,13,76.4,mastery,14.927,89.234
7,Random,41,0,17,65.6,mastery,14.976,88.671
7,Random,42,0,21,116.8,mastery,15.116,89.326
7,Random,43,0,4,75.2,mastery,14.864,89.005
7,Random,44,0,30,2.0,timeout,15.2,87.071
7,Random,45,0,30,-23.0,timeout,15.522,84.678
7,Random,46,0,6,99.8,mastery,15.319,85.0
7,Random,47,0,30,-5.0,timeout,15.625,83.125
7,Random,48,0,6,70.8,mastery,15.429,82.873
7,Random,49,1,17,72.6,mastery,15.46,82.668
7,SARSA,0,0,11,72.8,mastery,11.0,72.8
7,SARSA,1,0,12,66.6,mastery,11.5,69.7
7,SARSA,2,0,5,73.0,mastery,9.333,70.8
7,SARSA,3,0,8,73.4,mastery,9.0,71.45
7,SARSA,4,0,7,75.6,mastery,8.6,72.28
7,SARSA,5,0,7,68.6,mastery,8.333,71.667
7,SARSA,6,0,9,64.2,mastery,8.429,70.6
7,SARSA,7,0,7,68.6,mastery,8.25,70.35
7,SARSA,8,0,4,75.2,mastery,7.778,70.889
7,SARSA,9,0,4,75.2,mastery,7.4,71.32
7,SARSA,10,0,7,70.6,mastery,7.364,71.255
7,SARSA,11,0,4,75.2,mastery,7.083,71.583
7,SARSA,12,0,11,75.8,mastery,7.385,71.908
7,SARSA,13,0,5,73.0,mastery,7.214,71.986
7,SARSA,14,0,5,73.0,mastery,7.067,72.053
7,SARSA,15,0,10,83.0,mastery,7.25,72.738
7,SARSA,16,0,7,68.6,mastery,7.235,72.494
7,SARSA,17,0,18,74.4,mastery,7.833,72.6
7,SARSA,18,0,8,68.4,mastery,7.842,72.379
7,SARSA,19,0,6,70.8,mastery,7.75,72.3
7,SARSA,20,0,4,75.2,mastery,7.571,72.438
7,SARSA,21,0,5,73.0,mastery,7.455,72.464
7,SARSA,22,0,5,80.0,mastery,7.348,72.791
7,SARSA,23,0,8,68.4,mastery,7.375,72.608
7,SARSA,24,0,7,68.6,mastery,7.36,72.448
7,SARSA,25,0,8,73.4,mastery,7.385,72.485
7,SARSA,26,0,5,75.0,mastery,7.296,72.578
7,SARSA,27,0,10,64.0,mastery,7.393,72.271
7,SARSA,28,0,7,70.6,mastery,7.379,72.214
7,SARSA,29,0,4,75.2,mastery,7.267,72.313
7,SARSA,30,0,14,78.2,mastery,7.484,72.503
7,SARSA,31,0,10,73.0,mastery,7.562,72.519
7,SARSA,32,0,10,83.0,mastery,7.636,72.836
7,SARSA,33,0,5,73.0,mastery,7.559,72.841
7,SARSA,34,0,13,92.4,mastery,7.714,73.4
7,SARSA,35,0,7,75.6,mastery,7.694,73.461
7,SARSA,36,0,5,73.0,mastery,7.622,73.449
7,SARSA,37,0,5,73.0,mastery,7.553,73.437
7,SARSA,38,0,5,73.0,mastery,7.487,73.426
7,SARSA,39,0,5,73.0,mastery,7.425,73.415
7,SARSA,40,0,10,69.0,mastery,7.488,73.307
7,SARSA,41,0,5,75.0,mastery,7.429,73.348
7,SARSA,42,0,19,71.2,mastery,7.698,73.298
7,SARSA,43,0,6,77.8,mastery,7.659,73.4
7,SARSA,44,0,4,75.2,mastery,7.578,73.44
7,SARSA,45,0,6,72.8,mastery,7.543,73.426
7,SARSA,46,0,5,73.0,mastery,7.489,73.417
7,SARSA,47,0,4,75.2,mastery,7.417,73.454
7,SARSA,48,0,5,80.0,mastery,7.367,73.588
7,SARSA,49,1,7,75.6,mastery,7.36,73.628
8,Random,0,0,7,92.6,mastery,7.0,92.6
8,Random,1,0,14,46.2,mastery,10.5,69.4
8,Random,2,0,17,93.6,mastery,12.667,77.467
8,Random,3,0,12,141.6,mastery,12.5,93.5
8,Random,4,0,24,151.2,mastery,14.8,105.04
8,Random,5,0,12,111.6,mastery,14.333,106.133
8,Random,6,0,27,97.6,mastery,16.143,104.914
8,Random,7,0,7,68.6,mastery,15.0,100.375
8,Random,8,0,25,69.0,mastery,16.111,96.889
8,Random,9,0,6,75.8,mastery,15.1,94.78
8,Random,10,0,12,122.6,mastery,14.818,97.309
8,Random,11,0,19,129.2,mastery,15.167,99.967
8,Random,12,0,6,75.8,mastery,14.462,98.108
8,Random,13,0,5,62.0,mastery,13.786,95.529
8,Random,14,0,7,61.6,mastery,13.333,93.267
8,Random,15,0,25,75.0,mastery,14.062,92.125
8,Random,16,0,25,58.0,mastery,14.706,90.118
8,Random,17,0,2,57.6,mastery,14.0,88.311
8,Random,18,0,18,65.4,mastery,14.211,87.105
8,Random,19,0,18,159.4,mastery,14.4,90.72
8,Random,20,0,7,68.6,mastery,14.048,89.667
8,Random,21,0,4,76.2,mastery,13.591,89.055
8,Random,22,0,17,58.6,mastery,13.739,87.73
8,Random,23,0,21,88.8,mastery,14.042,87.775
8,Random,24,0,25,43.0,mastery,14.48,85.984
8,Random,25,0,13,79.4,mastery,14.423,85.731
8,Random,26,0,6,70.8,mastery,14.111,85.178
8,Random,27,0,7,69.6,mastery,13.857,84.621
8,Random,28,0,21,179.8,mastery,14.103,87.903
8,Random,29,0,30,20.0,timeout,14.633,85.64
8,Random,30,0,16,92.8,mastery,14.677,85.871
8,Random,31,0,30,-1.0,timeout,15.156,83.156
8,Random,32,0,8,66.4,mastery,14.939,82.648
8,Random,33,0,8,48.4,mastery,14.735,81.641
8,Random,34,0,18,82.4,mastery,14.829,81.663
8,Random,35,0,18,75.4,mastery,14.917,81.489
8,Random,36,0,20,147.0,mastery,15.054,83.259
8,Random,37,0,23,37.4,mastery,15.263,82.053
8,Random,38,0,7,66.6,mastery,15.051,81.656
8,Random,39,0,8,55.4,mastery,14.875,81.0
8,Random,40,0,9,90.2,mastery,14.732,81.224
8,Random,41,0,12,78.6,mastery,14.667,81.162
8,Random,42,0,30,29.0,timeout,15.023,79.949
8,Random,43,0,30,-31.0,timeout,15.364,77.427
8,Random,44,0,5,85.0,mastery,15.133,77.596
8,Random,45,0,9,88.2,mastery,15.0,77.826
8,Random,46,0,23,99.4,mastery,15.17,78.285
8,Random,47,0,6,70.8,mastery,14.979,78.129
8,Random,48,0,7,97.6,mastery,14.816,78.527
8,Random,49,1,11,83.8,mastery,14.74,78.632
8,SARSA,0,0,13,55.4,mastery,13.0,55.4
8,SARSA,1,0,5,73.0,mastery,9.0,64.2
8,SARSA,2,0,11,77.8,mastery,9.667,68.733
8,SARSA,3,0,7,75.6,mastery,9.0,70.45
8,SARSA,4,0,5,80.0,mastery,8.2,72.36
8,SARSA,5,0,4,75.2,mastery,7.5,72.833
8,SARSA,6,0,6,70.8,mastery,7.286,72.543
8,SARSA,7,0,9,73.2,mastery,7.5,72.625
8,SARSA,8,0,7,68.6,mastery,7.444,72.178
8,SARSA,9,0,5,73.0,mastery,7.2,72.26
8,SARSA,10,0,6,70.8,mastery,7.091,72.127
8,SARSA,11,0,12,70.6,mastery,7.5,72.0
8,SARSA,12,0,13,73.4,mastery,7.923,72.108
8,SARSA,13,0,5,73.0,mastery,7.714,72.171
8,SARSA,14,0,6,70.8,mastery,7.6,72.08
8,SARSA,15,0,11,75.8,mastery,7.812,72.312
8,SARSA,16,0,8,73.4,mastery,7.824,72.376
8,SARSA,17,0,5,75.0,mastery,7.667,72.522
8,SARSA,18,0,5,73.0,mastery,7.526,72.547
8,SARSA,19,0,5,73.0,mastery,7.4,72.57
8,SARSA,20,0,30,275.0,mastery,8.476,82.21
8,SARSA,21,0,30,66.0,timeout,9.455,81.473
8,SARSA,22,0,6,82.8,mastery,9.304,81.53
8,SARSA,23,0,4,75.2,mastery,9.083,81.267
8,SARSA,24,0,6,70.8,mastery,8.96,80.848
8,SARSA,25,0,5,73.0,mastery,8.808,80.546
8,SARSA,26,0,30,40.0,timeout,9.593,79.044
8,SARSA,27,0,17,80.6,mastery,9.857,79.1
8,SARSA,28,0,7,57.6,mastery,9.759,78.359
8,SARSA,29,0,30,100.0,timeout,10.433,79.08
8,SARSA,30,0,14,146.2,mastery,10.548,81.245
8,SARSA,31,0,4,64.2,mastery,10.344,80.712
8,SARSA,32,0,10,74.0,mastery,10.333,80.509
8,SARSA,33,0,9,64.2,mastery,10.294,80.029
8,SARSA,34,0,5,73.0,mastery,10.143,79.829
8,SARSA,35,0,8,68.4,mastery,10.083,79.511
8,SARSA,36,0,7,68.6,mastery,10.0,79.216
8,SARSA,37,0,5,80.0,mastery,9.868,79.237
8,SARSA,38,0,30,59.0,timeout,10.385,78.718
8,SARSA,39,0,12,68.6,mastery,10.425,78.465
8,SARSA,40,0,7,68.6,mastery,10.341,78.224
8,SARSA,41,0,9,64.2,mastery,10.31,77.89
8,SARSA,42,0,6,70.8,mastery,10.209,77.726
8,SARSA,43,0,5,75.0,mastery,10.091,77.664
8,SARSA,44,0,10,69.0,mastery,10.089,77.471
8,SARSA,45,0,6,72.8,mastery,10.0,77.37
8,SARSA,46,0,6,79.8,mastery,9.915,77.421
8,SARSA,47,0,5,73.0,mastery,9.812,77.329
8,SARSA,48,0,5,73.0,mastery,9.714,77.241
8,SARSA,49,1,4,75.2,mastery,9.6,77.2
9,Random,0,0,17,187.6,mastery,17.0,187.6
9,Random,1,0,30,111.0,timeout,23.5,149.3
9,Random,2,0,8,71.4,mastery,18.333,123.333
9,Random,3,0,7,92.6,mastery,15.5,115.65
9,Random,4,0,30,152.0,timeout,18.4,122.92
9,Random,5,0,26,237.8,mastery,19.667,142.067
9,Random,6,0,17,169.6,mastery,19.286,146.0
9,Random,7,0,17,67.6,mastery,19.0,136.2
9,Random,8,0,7,81.6,mastery,17.667,130.133
9,Random,9,0,8,90.4,mastery,16.7,126.16
9,Random,10,0,5,85.0,mastery,15.636,122.418
9,Random,11,0,28,251.4,mastery,16.667,133.167
9,Random,12,0,12,129.6,mastery,16.308,132.892
9,Random,13,0,3,55.4,mastery,15.357,127.357
9,Random,14,0,8,74.4,mastery,14.867,123.827
9,Random,15,0,30,9.0,timeout,15.812,116.65
9,Random,16,0,30,32.0,timeout,16.647,111.671
9,Random,17,0,7,68.6,mastery,16.111,109.278
9,Random,18,0,7,80.6,mastery,15.632,107.768
9,Random,19,0,6,73.8,mastery,15.15,106.07
9,Random,20,0,30,-20.0,timeout,15.857,100.067
9,Random,21,0,30,34.0,timeout,16.5,97.064
9,Random,22,0,20,132.0,mastery,16.652,98.583
9,Random,23,0,21,154.8,mastery,16.833,100.925
9,Random,24,0,30,78.0,mastery,17.36,100.008
9,Random,25,0,27,190.6,mastery,17.731,103.492
9,Random,26,0,25,122.0,mastery,18.0,104.178
9,Random,27,0,11,107.8,mastery,17.75,104.307
9,Random,28,0,9,83.2,mastery,17.448,103.579
9,Random,29,0,2,57.6,mastery,16.933,102.047
9,Random,30,0,16,126.8,mastery,16.903,102.845
9,Random,31,0,22,104.6,mastery,17.062,102.9
9,Random,32,0,16,76.8,mastery,17.03,102.109
9,Random,33,0,11,71.8,mastery,16.853,101.218
9,Random,34,0,3,66.4,mastery,16.457,100.223
9,Random,35,0,7,80.6,mastery,16.194,99.678
9,Random,36,0,5,73.0,mastery,15.892,98.957
9,Random,37,0,11,66.8,mastery,15.763,98.111
9,Random,38,0,12,57.6,mastery,15.667,97.072
9,Random,39,0,15,113.0,mastery,15.65,97.47
9,Random,40,0,8,90.4,mastery,15.463,97.298
9,Random,41,0,10,69.0,mastery,15.333,96.624
9,Random,42,0,10,81.0,mastery,15.209,96.26
9,Random,43,0,30,-20.0,timeout,15.545,93.618
9,Random,44,0,28,97.4,mastery,15.822,93.702
9,Random,45,0,6,71.8,mastery,15.609,93.226
9,Random,46,0,6,83.8,mastery,15.404,93.026
9,Random,47,0,16,74.8,mastery,15.417,92.646
9,Random,48,0,15,115.0,mastery,15.408,93.102
9,Random,49,1,16,59.8,mastery,15.42,92.436
9,SARSA,0,0,9,78.2,mastery,9.0,78.2
9,SARSA,1,0,4,75.2,mastery,6.5,76.7
9,SARSA,2,0,5,73.0,mastery,6.0,75.467
9,SARSA,3,0,8,68.4,mastery,6.5,73.7
9,SARSA,4,0,5,73.0,mastery,6.2,73.56
9,SARSA,5,0,9,64.2,mastery,6.667,72.0
9,SARSA,6,0,4,75.2,mastery,6.286,72.457
9,SARSA,7,0,4,75.2,mastery,6.0,72.8
9,SARSA,8,0,23,175.4,mastery,7.889,84.2
9,SARSA,9,0,30,78.0,timeout,10.1,83.58
9,SARSA,10,0,6,72.8,mastery,9.727,82.6
9,SARSA,11,0,5,73.0,mastery,9.333,81.8
9,SARSA,12,0,7,68.6,mastery,9.154,80.785
9,SARSA,13,0,10,68.0,mastery,9.214,79.871
9,SARSA,14,0,10,62.0,mastery,9.267,78.68
9,SARSA,15,0,7,68.6,mastery,9.125,78.05
9,SARSA,16,0,8,73.4,mastery,9.059,77.776
9,SARSA,17,0,5,73.0,mastery,8.833,77.511
9,SARSA,18,0,5,73.0,mastery,8.632,77.274
9,SARSA,19,0,9,71.2,mastery,8.65,76.97
9,SARSA,20,0,4,75.2,mastery,8.429,76.886
9,SARSA,21,0,7,68.6,mastery,8.364,76.509
9,SARSA,22,0,4,75.2,mastery,8.174,76.452
9,SARSA,23,0,9,71.2,mastery,8.208,76.233
9,SARSA,24,0,8,66.4,mastery,8.2,75.84
9,SARSA,25,0,10,62.0,mastery,8.269,75.308
9,SARSA,26,0,6,84.8,mastery,8.185,75.659
9,SARSA,27,0,8,73.4,mastery,8.179,75.579
9,SARSA,28,0,6,70.8,mastery,8.103,75.414
9,SARSA,29,0,7,68.6,mastery,8.067,75.187
9,SARSA,30,0,10,73.0,mastery,8.129,75.116
9,SARSA,31,0,14,71.2,mastery,8.312,74.994
9,SARSA,32,0,8,73.4,mastery,8.303,74.945
9,SARSA,33,0,5,75.0,mastery,8.206,74.947
9,SARSA,34,0,7,68.6,mastery,8.171,74.766
9,SARSA,35,0,6,70.8,mastery,8.111,74.656
9,SARSA,36,0,11,70.8,mastery,8.189,74.551
9,SARSA,37,0,7,68.6,mastery,8.158,74.395
9,SARSA,38,0,7,68.6,mastery,8.128,74.246
9,SARSA,39,0,11,66.8,mastery,8.2,74.06
9,SARSA,40,0,6,72.8,mastery,8.146,74.029
9,SARSA,41,0,10,69.0,mastery,8.19,73.91
9,SARSA,42,0,8,75.4,mastery,8.186,73.944
9,SARSA,43,0,7,68.6,mastery,8.159,73.823
9,SARSA,44,0,6,74.8,mastery,8.111,73.844
9,SARSA,45,0,6,77.8,mastery,8.065,73.93
9,SARSA,46,0,7,68.6,mastery,8.043,73.817
9,SARSA,47,0,4,75.2,mastery,7.958,73.846
9,SARSA,48,0,5,73.0,mastery,7.898,73.829
9,SARSA,49,1,11,66.8,mastery,7.96,73.688
